id,data_inversa,uf,br,municipio,causa_acidente,tipo_acidente,classificacao_acidente,fase_dia,condicao_metereologica,tipo_pista,uso_solo,tipo_veiculo,estado_fisico,idade,sexo
679731,30/03/2010,RN,101,CANGUARETAMA,Outras,Colisão lateral,Com Vítimas Feridas,Pleno dia,Sol,Simples ,Urbano,Camioneta,Ferido Grave,16.0,Masculino
679768,30/03/2010,RN,427,ACARI,Defeito mecânico em veículo,Saída de Pista,Sem Vítimas        ,Pleno dia,Nublado,Simples ,Rural ,Caminhonete,Ileso       ,38.0,Masculino
679818,30/03/2010,RN,406,CEARA-MIRIM,Não guardar distância de segurança,Colisão lateral,Sem Vítimas        ,Plena noite,Ceu Claro,Simples ,Rural ,Automóvel,Ileso       ,57.0,Masculino
679818,30/03/2010,RN,406,CEARA-MIRIM,Não guardar distância de segurança,Colisão lateral,Sem Vítimas        ,Plena noite,Ceu Claro,Simples ,Rural ,Caminhão,Ignorado    ,-1.0,Inválido
679911,26/03/2010,RN,304,MOSSORO,Animais na Pista,Atropelamento de animal,Com Vítimas Feridas,Plena noite,Nublado,Simples ,Urbano,Motocicletas,Ferido Leve ,39.0,Masculino
679911,26/03/2010,RN,304,MOSSORO,Animais na Pista,Atropelamento de animal,Com Vítimas Feridas,Plena noite,Nublado,Simples ,Urbano,Motocicletas,Ferido Leve ,-1.0,Masculino
679911,26/03/2010,RN,304,MOSSORO,Animais na Pista,Atropelamento de animal,Com Vítimas Feridas,Plena noite,Nublado,Simples ,Urbano,Automóvel,Ileso       ,-1.0,Masculino
679921,30/03/2010,RN,101,NATAL,Falta de atenção,Colisão Transversal,Sem Vítimas        ,Pleno dia,Sol,Múltipla,Urbano,Automóvel,Ileso       ,32.0,Feminino
679921,30/03/2010,RN,101,NATAL,Falta de atenção,Colisão Transversal,Sem Vítimas        ,Pleno dia,Sol,Múltipla,Urbano,Caminhonete,Ileso       ,61.0,Masculino
679922,30/03/2010,RN,101,PARNAMIRIM,Outras,Colisão Transversal,Sem Vítimas        ,Pleno dia,Sol,Múltipla,Urbano,Automóvel,Ileso       ,26.0,Masculino
679922,30/03/2010,RN,101,PARNAMIRIM,Outras,Colisão Transversal,Sem Vítimas        ,Pleno dia,Sol,Múltipla,Urbano,Automóvel,Ileso       ,34.0,Masculino
679922,30/03/2010,RN,101,PARNAMIRIM,Outras,Colisão Transversal,Sem Vítimas        ,Pleno dia,Sol,Múltipla,Urbano,Ônibus,Ileso       ,-1.0,Inválido
679935,30/03/2010,RN,405,APODI,Animais na Pista,Saída de Pista,Sem Vítimas        ,Pleno dia,Nublado,Simples ,Urbano,Automóvel,Ileso       ,49.0,Masculino
679937,29/03/2010,RN,101,PARNAMIRIM,Falta de atenção,Colisão traseira,Sem Vítimas        ,Pleno dia,Chuva,Dupla   ,Urbano,Ônibus,Ileso       ,52.0,Masculino
679937,29/03/2010,RN,101,PARNAMIRIM,Falta de atenção,Colisão traseira,Sem Vítimas        ,Pleno dia,Chuva,Dupla   ,Urbano,Automóvel,Ileso       ,29.0,Masculino
679964,30/03/2010,RN,101,NATAL,Falta de atenção,Colisão traseira,Sem Vítimas        ,Plena noite,Ceu Claro,Múltipla,Urbano,Caminhonete,Ileso       ,30.0,Masculino
679964,30/03/2010,RN,101,NATAL,Falta de atenção,Colisão traseira,Sem Vítimas        ,Plena noite,Ceu Claro,Múltipla,Urbano,Automóvel,Ileso       ,19.0,Masculino
679975,31/03/2010,RN,101,PARNAMIRIM,Desobediência à sinalização,Colisão Transversal,Com Vítimas Fatais ,Plena noite,Ceu Claro,Dupla   ,Urbano,Caminhonete,Ferido Leve ,44.0,Masculino
679975,31/03/2010,RN,101,PARNAMIRIM,Desobediência à sinalização,Colisão Transversal,Com Vítimas Fatais ,Plena noite,Ceu Claro,Dupla   ,Urbano,Automóvel,Morto       ,47.0,Masculino
680022,19/03/2010,RN,101,PARNAMIRIM,Outras,Saída de Pista,Sem Vítimas        ,Pleno dia,Nevoeiro/neblina,Dupla   ,Urbano,Ônibus,Ileso       ,35.0,Masculino
680048,19/03/2010,RN,101,NATAL,Falta de atenção,Colisão lateral,Com Vítimas Feridas,Pleno dia,Ceu Claro,Dupla   ,Urbano,Bicicleta,Ferido Leve ,48.0,Masculino
680048,19/03/2010,RN,101,NATAL,Falta de atenção,Colisão lateral,Com Vítimas Feridas,Pleno dia,Ceu Claro,Dupla   ,Urbano,Automóvel,Ileso       ,-1.0,Masculino
680053,25/03/2010,RN,304,MOSSORO,Falta de atenção,Colisão lateral,Com Vítimas Feridas,Plena noite,Ignorada,Simples ,Urbano,Motocicletas,Ferido Leve ,19.0,Masculino
680053,25/03/2010,RN,304,MOSSORO,Falta de atenção,Colisão lateral,Com Vítimas Feridas,Plena noite,Ignorada,Simples ,Urbano,Motocicletas,Ignorado    ,-1.0,Inválido
680055,29/03/2010,RN,110,MOSSORO,Outras,Atropelamento de pessoa,Com Vítimas Feridas,Plena noite,Ignorada,Simples ,Urbano,Motoneta,Ileso       ,29.0,Feminino
680055,29/03/2010,RN,110,MOSSORO,Outras,Atropelamento de pessoa,Com Vítimas Feridas,Plena noite,Ignorada,Simples ,Urbano,(null),Ferido Leve ,24.0,Feminino
680055,29/03/2010,RN,110,MOSSORO,Outras,Atropelamento de pessoa,Com Vítimas Feridas,Plena noite,Ignorada,Simples ,Urbano,(null),Ferido Grave,21.0,Feminino
680066,23/03/2010,RN,101,PARNAMIRIM,Defeito mecânico em veículo,Saída de Pista,Sem Vítimas        ,Pleno dia,Sol,Dupla   ,Urbano,Automóvel,Ileso       ,60.0,Masculino
680080,23/03/2010,RN,101,NATAL,Falta de atenção,Colisão traseira,Com Vítimas Feridas,Plena noite,Chuva,Dupla   ,Urbano,Automóvel,Ferido Leve ,28.0,Masculino
680080,23/03/2010,RN,101,NATAL,Falta de atenção,Colisão traseira,Com Vítimas Feridas,Plena noite,Chuva,Dupla   ,Urbano,Caminhonete,Ileso       ,32.0,Masculino
680135,29/03/2010,RN,101,PARNAMIRIM,Falta de atenção,Colisão lateral,Sem Vítimas        ,Amanhecer,Chuva,Dupla   ,Urbano,Automóvel,Ileso       ,46.0,Masculino
680135,29/03/2010,RN,101,PARNAMIRIM,Falta de atenção,Colisão lateral,Sem Vítimas        ,Amanhecer,Chuva,Dupla   ,Urbano,Semi-Reboque,Ileso       ,-1.0,Inválido
680179,28/03/2010,RN,101,NATAL,Desobediência à sinalização,Colisão Transversal,Sem Vítimas        ,Plena noite,Chuva,Dupla   ,Urbano,Motocicletas,Ileso       ,27.0,Masculino
680179,28/03/2010,RN,101,NATAL,Desobediência à sinalização,Colisão Transversal,Sem Vítimas        ,Plena noite,Chuva,Dupla   ,Urbano,Automóvel,Ileso       ,53.0,Masculino
680182,31/03/2010,RN,101,SAO GONCALO DO AMARANTE,Outras,Colisão lateral,Sem Vítimas        ,Pleno dia,Ceu Claro,Dupla   ,Urbano,Automóvel,Ileso       ,38.0,Masculino
680182,31/03/2010,RN,101,SAO GONCALO DO AMARANTE,Outras,Colisão lateral,Sem Vítimas        ,Pleno dia,Ceu Claro,Dupla   ,Urbano,Motocicletas,Ileso       ,27.0,Masculino
680187,28/03/2010,RN,101,PARNAMIRIM,Falta de atenção,Colisão traseira,Sem Vítimas        ,Plena noite,Chuva,Dupla   ,Urbano,Automóvel,Ileso       ,27.0,Feminino
680187,28/03/2010,RN,101,PARNAMIRIM,Falta de atenção,Colisão traseira,Sem Vítimas        ,Plena noite,Chuva,Dupla   ,Urbano,Automóvel,Ileso       ,25.0,Masculino
680194,29/03/2010,RN,406,SAO GONCALO DO AMARANTE,Outras,Colisão lateral,Sem Vítimas        ,Pleno dia,Ceu Claro,Simples ,Rural ,Caminhão-Trator,Ileso       ,33.0,Masculino
680194,29/03/2010,RN,406,SAO GONCALO DO AMARANTE,Outras,Colisão lateral,Sem Vítimas        ,Pleno dia,Ceu Claro,Simples ,Rural ,Caminhão,Ileso       ,49.0,Masculino
680234,31/03/2010,RN,304,RIACHUELO,Defeito mecânico em veículo,Colisão com objeto fixo,Sem Vítimas        ,Pleno dia,Ceu Claro,Simples ,Rural ,Automóvel,Ileso       ,19.0,Masculino
680301,29/03/2010,RN,101,NATAL,Falta de atenção,Colisão traseira,Sem Vítimas        ,Plena noite,Chuva,Dupla   ,Urbano,Automóvel,Ileso       ,38.0,Masculino
680301,29/03/2010,RN,101,NATAL,Falta de atenção,Colisão traseira,Sem Vítimas        ,Plena noite,Chuva,Dupla   ,Urbano,Automóvel,Ileso       ,23.0,Masculino
680333,31/03/2010,RN,304,MACAIBA,Defeito mecânico em veículo,Colisão com objeto móvel,Sem Vítimas        ,Pleno dia,Sol,Simples ,Rural ,Caminhão,Ileso       ,60.0,Masculino
680333,31/03/2010,RN,304,MACAIBA,Defeito mecânico em veículo,Colisão com objeto móvel,Sem Vítimas        ,Pleno dia,Sol,Simples ,Rural ,Automóvel,Ileso       ,36.0,Masculino
680396,31/03/2010,RN,101,NATAL,Desobediência à sinalização,Colisão lateral,Sem Vítimas        ,Pleno dia,Sol,Múltipla,Urbano,Microônibus,Ileso       ,-1.0,Masculino
680396,31/03/2010,RN,101,NATAL,Desobediência à sinalização,Colisão lateral,Sem Vítimas        ,Pleno dia,Sol,Múltipla,Urbano,Automóvel,Ileso       ,60.0,Masculino
680431,28/03/2010,RN,101,SAO JOSE DE MIPIBU,Ingestão de álcool,Colisão lateral,Com Vítimas Feridas,Plena noite,Chuva,Simples ,Urbano,Caminhão-Trator,Ileso       ,52.0,Masculino
680431,28/03/2010,RN,101,SAO JOSE DE MIPIBU,Ingestão de álcool,Colisão lateral,Com Vítimas Feridas,Plena noite,Chuva,Simples ,Urbano,Bicicleta,Ferido Leve ,32.0,Masculino
680485,01/04/2010,RN,226,MACAIBA,Defeito mecânico em veículo,Incêndio,Sem Vítimas        ,Plena noite,Ceu Claro,Simples ,Rural ,Ônibus,Ileso       ,44.0,Masculino
680485,01/04/2010,RN,226,MACAIBA,Defeito mecânico em veículo,Incêndio,Sem Vítimas        ,Plena noite,Ceu Claro,Simples ,Rural ,Ônibus,Ileso       ,25.0,Masculino
680491,31/03/2010,RN,101,NATAL,Falta de atenção,Colisão lateral,Sem Vítimas        ,Pleno dia,Nublado,Simples ,Urbano,Automóvel,Ileso       ,28.0,Masculino
680491,31/03/2010,RN,101,NATAL,Falta de atenção,Colisão lateral,Sem Vítimas        ,Pleno dia,Nublado,Simples ,Urbano,Automóvel,Ileso       ,21.0,Masculino
680558,24/03/2010,RN,304,MOSSORO,Desobediência à sinalização,Colisão Transversal,Com Vítimas Feridas,Plena noite,Ceu Claro,Simples ,Urbano,Motocicletas,Ferido Leve ,27.0,Masculino
680558,24/03/2010,RN,304,MOSSORO,Desobediência à sinalização,Colisão Transversal,Com Vítimas Feridas,Plena noite,Ceu Claro,Simples ,Urbano,Motocicletas,Ferido Grave,-1.0,Feminino
680558,24/03/2010,RN,304,MOSSORO,Desobediência à sinalização,Colisão Transversal,Com Vítimas Feridas,Plena noite,Ceu Claro,Simples ,Urbano,Motocicletas,Ferido Grave,31.0,Masculino
680576,24/03/2010,RN,405,ITAU,Outras,Colisão com objeto fixo,Sem Vítimas        ,Pleno dia,Ceu Claro,Simples ,Rural ,Caminhão-Trator,Ileso       ,34.0,Masculino
680576,24/03/2010,RN,405,ITAU,Outras,Colisão com objeto fixo,Sem Vítimas        ,Pleno dia,Ceu Claro,Simples ,Rural ,Não identificado,Ignorado    ,-1.0,Inválido
680606,28/03/2010,RN,427,JARDIM DO SERIDO,Outras,Atropelamento de pessoa,Com Vítimas Fatais ,Plena noite,Chuva,Simples ,Rural ,(null),Morto       ,18.0,Masculino
680606,28/03/2010,RN,427,JARDIM DO SERIDO,Outras,Atropelamento de pessoa,Com Vítimas Fatais ,Plena noite,Chuva,Simples ,Rural ,Não identificado,Ignorado    ,-1.0,Inválido
680720,29/03/2010,RN,101,NATAL,Velocidade incompatível,Colisão traseira,Sem Vítimas        ,Plena noite,Chuva,Dupla   ,Urbano,Automóvel,Ileso       ,53.0,Feminino
680720,29/03/2010,RN,101,NATAL,Velocidade incompatível,Colisão traseira,Sem Vítimas        ,Plena noite,Chuva,Dupla   ,Urbano,Automóvel,Ileso       ,24.0,Masculino
680775,24/03/2010,RN,101,PARNAMIRIM,Falta de atenção,Colisão lateral,Sem Vítimas        ,Pleno dia,Sol,Dupla   ,Urbano,Caminhonete,Ileso       ,34.0,Masculino
680775,24/03/2010,RN,101,PARNAMIRIM,Falta de atenção,Colisão lateral,Sem Vítimas        ,Pleno dia,Sol,Dupla   ,Urbano,Motocicletas,Ileso       ,24.0,Masculino
680791,29/03/2010,RN,101,PARNAMIRIM,Outras,Tombamento,Com Vítimas Feridas,Pleno dia,Chuva,Dupla   ,Urbano,Motocicletas,Ferido Leve ,48.0,Masculino
680944,01/04/2010,RN,427,CURRAIS NOVOS,Ingestão de álcool,Colisão traseira,Sem Vítimas        ,Plena noite,Ceu Claro,Simples ,Urbano,Motocicletas,Ileso       ,52.0,Masculino
680944,01/04/2010,RN,427,CURRAIS NOVOS,Ingestão de álcool,Colisão traseira,Sem Vítimas        ,Plena noite,Ceu Claro,Simples ,Urbano,Automóvel,Ileso       ,34.0,Masculino
681059,01/04/2010,RN,101,PARNAMIRIM,Ingestão de álcool,Colisão Transversal,Com Vítimas Feridas,Pleno dia,Sol,Dupla   ,Urbano,Camioneta,Ileso       ,60.0,Masculino
681059,01/04/2010,RN,101,PARNAMIRIM,Ingestão de álcool,Colisão Transversal,Com Vítimas Feridas,Pleno dia,Sol,Dupla   ,Urbano,Automóvel,Ileso       ,24.0,Masculino
681059,01/04/2010,RN,101,PARNAMIRIM,Ingestão de álcool,Colisão Transversal,Com Vítimas Feridas,Pleno dia,Sol,Dupla   ,Urbano,Motocicletas,Ferido Leve ,20.0,Masculino
681092,28/03/2010,RN,101,NATAL,Falta de atenção,Saída de Pista,Sem Vítimas        ,Plena noite,Chuva,Dupla   ,Urbano,Automóvel,Ileso       ,29.0,Masculino
681299,29/03/2010,RN,101,NATAL,Não guardar distância de segurança,Colisão traseira,Sem Vítimas        ,Pleno dia,Ceu Claro,Múltipla,Urbano,Automóvel,Ileso       ,43.0,Masculino
681299,29/03/2010,RN,101,NATAL,Não guardar distância de segurança,Colisão traseira,Sem Vítimas        ,Pleno dia,Ceu Claro,Múltipla,Urbano,Caminhonete,Ileso       ,40.0,Masculino
681348,02/04/2010,RN,304,MOSSORO,Defeito na via,Capotamento,Com Vítimas Feridas,Pleno dia,Nublado,Simples ,Rural ,Automóvel,Ferido Leve ,27.0,Masculino
681348,02/04/2010,RN,304,MOSSORO,Defeito na via,Capotamento,Com Vítimas Feridas,Pleno dia,Nublado,Simples ,Rural ,Automóvel,Ferido Grave,26.0,Feminino
681348,02/04/2010,RN,304,MOSSORO,Defeito na via,Capotamento,Com Vítimas Feridas,Pleno dia,Nublado,Simples ,Rural ,Automóvel,Ferido Leve ,25.0,Feminino
681348,02/04/2010,RN,304,MOSSORO,Defeito na via,Capotamento,Com Vítimas Feridas,Pleno dia,Nublado,Simples ,Rural ,Automóvel,Ferido Leve ,25.0,Masculino
681355,02/04/2010,RN,226,MACAIBA,Outras,Atropelamento de pessoa,Com Vítimas Feridas,Pleno dia,Sol,Simples ,Urbano,Motocicletas,Ileso       ,17.0,Feminino
681355,02/04/2010,RN,226,MACAIBA,Outras,Atropelamento de pessoa,Com Vítimas Feridas,Pleno dia,Sol,Simples ,Urbano,(null),Ferido Leve ,26.0,Feminino
681417,02/04/2010,RN,101,NATAL,Não guardar distância de segurança,Colisão lateral,Sem Vítimas        ,Pleno dia,Sol,Dupla   ,Urbano,Caminhão-Trator,Ileso       ,29.0,Masculino
681417,02/04/2010,RN,101,NATAL,Não guardar distância de segurança,Colisão lateral,Sem Vítimas        ,Pleno dia,Sol,Dupla   ,Urbano,Ônibus,Ileso       ,36.0,Masculino
681451,02/04/2010,RN,101,PARNAMIRIM,Falta de atenção,Colisão traseira,Sem Vítimas        ,Anoitecer,Ceu Claro,Dupla   ,Urbano,Automóvel,Ileso       ,44.0,Masculino
681451,02/04/2010,RN,101,PARNAMIRIM,Falta de atenção,Colisão traseira,Sem Vítimas        ,Anoitecer,Ceu Claro,Dupla   ,Urbano,Automóvel,Ileso       ,62.0,Masculino
681473,01/03/2010,RN,101,NATAL,Falta de atenção,Colisão Transversal,Sem Vítimas        ,Plena noite,Nublado,Dupla   ,Urbano,Automóvel,Ileso       ,21.0,Masculino
681473,01/03/2010,RN,101,NATAL,Falta de atenção,Colisão Transversal,Sem Vítimas        ,Plena noite,Nublado,Dupla   ,Urbano,Automóvel,Ileso       ,24.0,Feminino
681519,02/04/2010,RN,101,PARNAMIRIM,Não guardar distância de segurança,Colisão traseira,Com Vítimas Feridas,Pleno dia,Ceu Claro,Dupla   ,Urbano,Caminhão-Trator,Ileso       ,48.0,Masculino
681519,02/04/2010,RN,101,PARNAMIRIM,Não guardar distância de segurança,Colisão traseira,Com Vítimas Feridas,Pleno dia,Ceu Claro,Dupla   ,Urbano,Motocicletas,Ferido Leve ,20.0,Masculino
681519,02/04/2010,RN,101,PARNAMIRIM,Não guardar distância de segurança,Colisão traseira,Com Vítimas Feridas,Pleno dia,Ceu Claro,Dupla   ,Urbano,Motocicletas,Ferido Leve ,18.0,Feminino
681541,29/03/2010,RN,101,PARNAMIRIM,Falta de atenção,Atropelamento de pessoa,Com Vítimas Feridas,Pleno dia,Ceu Claro,Dupla   ,Urbano,Automóvel,Ileso       ,30.0,Masculino
681541,29/03/2010,RN,101,PARNAMIRIM,Falta de atenção,Atropelamento de pessoa,Com Vítimas Feridas,Pleno dia,Ceu Claro,Dupla   ,Urbano,(null),Ferido Leve ,32.0,Masculino
681636,01/04/2010,RN,304,ANGICOS,Ultrapassagem indevida,Colisão frontal,Com Vítimas Feridas,Pleno dia,Sol,Simples ,Rural ,Automóvel,Ileso       ,37.0,Masculino
681636,01/04/2010,RN,304,ANGICOS,Ultrapassagem indevida,Colisão frontal,Com Vítimas Feridas,Pleno dia,Sol,Simples ,Rural ,Automóvel,Ileso       ,31.0,Masculino
681636,01/04/2010,RN,304,ANGICOS,Ultrapassagem indevida,Colisão frontal,Com Vítimas Feridas,Pleno dia,Sol,Simples ,Rural ,Automóvel,Ferido Leve ,10.0,Feminino
681636,01/04/2010,RN,304,ANGICOS,Ultrapassagem indevida,Colisão frontal,Com Vítimas Feridas,Pleno dia,Sol,Simples ,Rural ,Não identificado,Ignorado    ,-1.0,Inválido
681656,30/03/2010,RN,101,NATAL,Não guardar distância de segurança,Colisão traseira,Sem Vítimas        ,Pleno dia,Nublado,Dupla   ,Urbano,Automóvel,Ileso       ,39.0,Masculino
681656,30/03/2010,RN,101,NATAL,Não guardar distância de segurança,Colisão traseira,Sem Vítimas        ,Pleno dia,Nublado,Dupla   ,Urbano,Camioneta,Ileso       ,60.0,Masculino
681692,30/03/2010,RN,101,NATAL,Não guardar distância de segurança,Colisão traseira,Sem Vítimas        ,Pleno dia,Ceu Claro,Múltipla,Urbano,Automóvel,Ileso       ,63.0,Feminino
681692,30/03/2010,RN,101,NATAL,Não guardar distância de segurança,Colisão traseira,Sem Vítimas        ,Pleno dia,Ceu Claro,Múltipla,Urbano,Ônibus,Ileso       ,54.0,Masculino
681732,01/04/2010,RN,110,MOSSORO,Desobediência à sinalização,Colisão frontal,Com Vítimas Fatais ,Plena noite,Ceu Claro,Múltipla,Urbano,Automóvel,Ignorado    ,-1.0,Inválido
681732,01/04/2010,RN,110,MOSSORO,Desobediência à sinalização,Colisão frontal,Com Vítimas Fatais ,Plena noite,Ceu Claro,Múltipla,Urbano,Motoneta,Morto       ,41.0,Masculino
681751,30/03/2010,RN,101,PARNAMIRIM,Ingestão de álcool,Colisão com bicicleta,Com Vítimas Feridas,Plena noite,Ceu Claro,Dupla   ,Urbano,Microônibus,Ileso       ,26.0,Masculino
681751,30/03/2010,RN,101,PARNAMIRIM,Ingestão de álcool,Colisão com bicicleta,Com Vítimas Feridas,Plena noite,Ceu Claro,Dupla   ,Urbano,Bicicleta,Ferido Leve ,32.0,Masculino
682017,18/03/2010,RN,101,NATAL,Ingestão de álcool,Colisão traseira,Sem Vítimas        ,Plena noite,Ceu Claro,Múltipla,Urbano,Automóvel,Ileso       ,60.0,Masculino
682017,18/03/2010,RN,101,NATAL,Ingestão de álcool,Colisão traseira,Sem Vítimas        ,Plena noite,Ceu Claro,Múltipla,Urbano,Camioneta,Ileso       ,42.0,Masculino
682050,03/04/2010,RN,226,TANGARA,Animais na Pista,Atropelamento de animal,Sem Vítimas        ,Plena noite,Ceu Claro,Simples ,Rural ,Automóvel,Ileso       ,44.0,Masculino
682050,03/04/2010,RN,226,TANGARA,Animais na Pista,Atropelamento de animal,Sem Vítimas        ,Plena noite,Ceu Claro,Simples ,Rural ,Automóvel,Ileso       ,18.0,Feminino
682050,03/04/2010,RN,226,TANGARA,Animais na Pista,Atropelamento de animal,Sem Vítimas        ,Plena noite,Ceu Claro,Simples ,Rural ,Automóvel,Ileso       ,34.0,Feminino
682050,03/04/2010,RN,226,TANGARA,Animais na Pista,Atropelamento de animal,Sem Vítimas        ,Plena noite,Ceu Claro,Simples ,Rural ,Automóvel,Ileso       ,33.0,Masculino
682050,03/04/2010,RN,226,TANGARA,Animais na Pista,Atropelamento de animal,Sem Vítimas        ,Plena noite,Ceu Claro,Simples ,Rural ,Automóvel,Ileso       ,16.0,Masculino
682102,31/03/2010,RN,406,TAIPU,Animais na Pista,Atropelamento de animal,Com Vítimas Feridas,Plena noite,Ceu Claro,Simples ,Urbano,Automóvel,Ileso       ,39.0,Masculino
682102,31/03/2010,RN,406,TAIPU,Animais na Pista,Atropelamento de animal,Com Vítimas Feridas,Plena noite,Ceu Claro,Simples ,Urbano,(null),Ferido Leve ,-1.0,Masculino
682102,31/03/2010,RN,406,TAIPU,Animais na Pista,Atropelamento de animal,Com Vítimas Feridas,Plena noite,Ceu Claro,Simples ,Urbano,(null),Ferido Leve ,-1.0,Feminino
682106,31/03/2010,RN,101,SAO JOSE DE MIPIBU,Animais na Pista,Atropelamento de animal,Sem Vítimas        ,Plena noite,Ceu Claro,Dupla   ,Rural ,Automóvel,Ileso       ,37.0,Masculino
682106,31/03/2010,RN,101,SAO JOSE DE MIPIBU,Animais na Pista,Atropelamento de animal,Sem Vítimas        ,Plena noite,Ceu Claro,Dupla   ,Rural ,Caminhão-Trator,Ileso       ,31.0,Masculino
682121,31/03/2010,RN,101,NATAL,Outras,Capotamento,Sem Vítimas        ,Plena noite,Ceu Claro,Dupla   ,Urbano,Automóvel,Ileso       ,31.0,Feminino
682121,31/03/2010,RN,101,NATAL,Outras,Capotamento,Sem Vítimas        ,Plena noite,Ceu Claro,Dupla   ,Urbano,Automóvel,Ileso       ,28.0,Masculino
682191,01/04/2010,RN,226,BOM JESUS,Outras,Colisão lateral,Sem Vítimas        ,Pleno dia,Ceu Claro,Simples ,Rural ,Caminhonete,Ileso       ,34.0,Masculino
682191,01/04/2010,RN,226,BOM JESUS,Outras,Colisão lateral,Sem Vítimas        ,Pleno dia,Ceu Claro,Simples ,Rural ,Caminhonete,Ileso       ,52.0,Masculino
682480,04/04/2010,RN,226,SANTA CRUZ,Outras,Colisão lateral,Sem Vítimas        ,Plena noite,Ceu Claro,Simples ,Urbano,Motocicletas,Ileso       ,59.0,Masculino
682480,04/04/2010,RN,226,SANTA CRUZ,Outras,Colisão lateral,Sem Vítimas        ,Plena noite,Ceu Claro,Simples ,Urbano,Automóvel,Ignorado    ,-1.0,Inválido
682512,04/04/2010,RN,304,MACAIBA,Animais na Pista,Atropelamento de animal,Com Vítimas Feridas,Plena noite,Ceu Claro,Dupla   ,Rural ,Automóvel,Ferido Leve ,36.0,Masculino
682512,04/04/2010,RN,304,MACAIBA,Animais na Pista,Atropelamento de animal,Com Vítimas Feridas,Plena noite,Ceu Claro,Dupla   ,Rural ,Automóvel,Ileso       ,34.0,Feminino
682512,04/04/2010,RN,304,MACAIBA,Animais na Pista,Atropelamento de animal,Com Vítimas Feridas,Plena noite,Ceu Claro,Dupla   ,Rural ,Automóvel,Ileso       ,6.0,Masculino
682541,31/03/2010,RN,226,SANTA CRUZ,Animais na Pista,Atropelamento de animal,Com Vítimas Feridas,Plena noite,Ceu Claro,Simples ,Rural ,Automóvel,Ileso       ,49.0,Masculino
682541,31/03/2010,RN,226,SANTA CRUZ,Animais na Pista,Atropelamento de animal,Com Vítimas Feridas,Plena noite,Ceu Claro,Simples ,Rural ,Automóvel,Ferido Leve ,42.0,Feminino
682644,05/04/2010,RN,304,LAJES,Falta de atenção,Saída de Pista,Sem Vítimas        ,Amanhecer,Ceu Claro,Simples ,Rural ,Automóvel,Ileso       ,49.0,Masculino
682703,30/03/2010,RN,304,MACAIBA,Outras,Colisão traseira,Com Vítimas Fatais ,Anoitecer,Ceu Claro,Dupla   ,Rural ,Automóvel,Ferido Leve ,30.0,Masculino
682703,30/03/2010,RN,304,MACAIBA,Outras,Colisão traseira,Com Vítimas Fatais ,Anoitecer,Ceu Claro,Dupla   ,Rural ,Utilitário,Ferido Leve ,27.0,Masculino
682703,30/03/2010,RN,304,MACAIBA,Outras,Colisão traseira,Com Vítimas Fatais ,Anoitecer,Ceu Claro,Dupla   ,Rural ,Automóvel,Morto       ,32.0,Masculino
682718,30/03/2010,RN,304,MOSSORO,Defeito na via,Queda de motocicleta / bicicleta / veículo,Com Vítimas Feridas,Plena noite,Ceu Claro,Simples ,Urbano,Motocicletas,Ferido Leve ,55.0,Masculino
682800,01/04/2010,RN,304,MACAIBA,Não guardar distância de segurança,Colisão traseira,Sem Vítimas        ,Pleno dia,Ceu Claro,Simples ,Rural ,Automóvel,Ileso       ,33.0,Masculino
682800,01/04/2010,RN,304,MACAIBA,Não guardar distância de segurança,Colisão traseira,Sem Vítimas        ,Pleno dia,Ceu Claro,Simples ,Rural ,Camioneta,Ileso       ,55.0,Masculino
683034,01/04/2010,RN,101,GOIANINHA,Outras,Colisão com bicicleta,Com Vítimas Fatais ,Plena noite,Chuva,Simples ,Rural ,Não identificado,Ignorado    ,-1.0,Inválido
683034,01/04/2010,RN,101,GOIANINHA,Outras,Colisão com bicicleta,Com Vítimas Fatais ,Plena noite,Chuva,Simples ,Rural ,Bicicleta,Morto       ,-1.0,Masculino
683055,01/04/2010,RN,304,MACAIBA,Não guardar distância de segurança,Colisão traseira,Sem Vítimas        ,Pleno dia,Ceu Claro,Simples ,Rural ,Camioneta,Ileso       ,21.0,Masculino
683055,01/04/2010,RN,304,MACAIBA,Não guardar distância de segurança,Colisão traseira,Sem Vítimas        ,Pleno dia,Ceu Claro,Simples ,Rural ,Automóvel,Ileso       ,46.0,Masculino
683092,01/04/2010,RN,101,NATAL,Outras,Colisão traseira,Sem Vítimas        ,Pleno dia,Ceu Claro,Dupla   ,Urbano,Automóvel,Ileso       ,13.0,Feminino
683092,01/04/2010,RN,101,NATAL,Outras,Colisão traseira,Sem Vítimas        ,Pleno dia,Ceu Claro,Dupla   ,Urbano,Automóvel,Ileso       ,28.0,Masculino
683092,01/04/2010,RN,101,NATAL,Outras,Colisão traseira,Sem Vítimas        ,Pleno dia,Ceu Claro,Dupla   ,Urbano,Automóvel,Ileso       ,44.0,Masculino