id,data_inversa,uf,br,municipio,causa_acidente,tipo_acidente,classificacao_acidente,fase_dia,condicao_metereologica,tipo_pista,uso_solo,tipo_veiculo,estado_fisico,idade,sexo
683127,01/04/2010,RN,101,PARNAMIRIM,Ingestão de álcool,Colisão traseira,Sem Vítimas        ,Pleno dia,Ceu Claro,Dupla   ,Urbano,Automóvel,Ileso       ,27.0,Masculino
683127,01/04/2010,RN,101,PARNAMIRIM,Ingestão de álcool,Colisão traseira,Sem Vítimas        ,Pleno dia,Ceu Claro,Dupla   ,Urbano,Caminhão,Ileso       ,53.0,Masculino
683211,05/04/2010,RN,101,PARNAMIRIM,Outras,Colisão traseira,Sem Vítimas        ,Pleno dia,Ceu Claro,Dupla   ,Urbano,Automóvel,Ileso       ,29.0,Masculino
683211,05/04/2010,RN,101,PARNAMIRIM,Outras,Colisão traseira,Sem Vítimas        ,Pleno dia,Ceu Claro,Dupla   ,Urbano,Automóvel,Ileso       ,-1.0,Masculino
683228,05/04/2010,RN,405,MOSSORO,Outras,Saída de Pista,Ignorado           ,Plena noite,Ceu Claro,Simples ,Rural ,Caminhão,Ignorado    ,-1.0,Inválido
683233,05/04/2010,RN,101,PARNAMIRIM,Outras,Colisão traseira,Sem Vítimas        ,Pleno dia,Ceu Claro,Dupla   ,Urbano,Automóvel,Ileso       ,38.0,Masculino
683233,05/04/2010,RN,101,PARNAMIRIM,Outras,Colisão traseira,Sem Vítimas        ,Pleno dia,Ceu Claro,Dupla   ,Urbano,Automóvel,Ileso       ,35.0,Masculino
683233,05/04/2010,RN,101,PARNAMIRIM,Outras,Colisão traseira,Sem Vítimas        ,Pleno dia,Ceu Claro,Dupla   ,Urbano,Camioneta,Ileso       ,39.0,Masculino
683235,05/04/2010,RN,304,MOSSORO,Defeito na via,Queda de motocicleta / bicicleta / veículo,Com Vítimas Feridas,Plena noite,Ceu Claro,Simples ,Urbano,Motocicletas,Ferido Leve ,27.0,Masculino
683238,05/04/2010,RN,101,NATAL,Outras,Colisão lateral,Sem Vítimas        ,Plena noite,Ceu Claro,Dupla   ,Urbano,Ônibus,Ileso       ,34.0,Masculino
683238,05/04/2010,RN,101,NATAL,Outras,Colisão lateral,Sem Vítimas        ,Plena noite,Ceu Claro,Dupla   ,Urbano,Automóvel,Ileso       ,33.0,Masculino
683251,05/04/2010,RN,101,SAO GONCALO DO AMARANTE,Falta de atenção,Colisão lateral,Sem Vítimas        ,Plena noite,Ceu Claro,Dupla   ,Urbano,Ônibus,Ileso       ,44.0,Masculino
683251,05/04/2010,RN,101,SAO GONCALO DO AMARANTE,Falta de atenção,Colisão lateral,Sem Vítimas        ,Plena noite,Ceu Claro,Dupla   ,Urbano,Automóvel,Ileso       ,44.0,Masculino
683256,02/04/2010,RN,304,MOSSORO,Ingestão de álcool,Colisão traseira,Com Vítimas Feridas,Plena noite,Ceu Claro,Simples ,Urbano,Motoneta,Ferido Leve ,20.0,Masculino
683256,02/04/2010,RN,304,MOSSORO,Ingestão de álcool,Colisão traseira,Com Vítimas Feridas,Plena noite,Ceu Claro,Simples ,Urbano,Automóvel,Ileso       ,31.0,Masculino
683304,05/04/2010,RN,304,MOSSORO,Defeito mecânico em veículo,Colisão com objeto fixo,Sem Vítimas        ,Pleno dia,Ceu Claro,Simples ,Urbano,Automóvel,Ileso       ,43.0,Masculino
683304,05/04/2010,RN,304,MOSSORO,Defeito mecânico em veículo,Colisão com objeto fixo,Sem Vítimas        ,Pleno dia,Ceu Claro,Simples ,Urbano,Caminhão-Trator,Ileso       ,58.0,Masculino
683360,12/03/2010,RN,101,PARNAMIRIM,Desobediência à sinalização,Colisão Transversal,Sem Vítimas        ,Pleno dia,Sol,Dupla   ,Urbano,Motocicletas,Ileso       ,45.0,Masculino
683360,12/03/2010,RN,101,PARNAMIRIM,Desobediência à sinalização,Colisão Transversal,Sem Vítimas        ,Pleno dia,Sol,Dupla   ,Urbano,Automóvel,Ignorado    ,-1.0,Inválido
683427,02/04/2010,RN,226,CAMPO REDONDO,Velocidade incompatível,Tombamento,Sem Vítimas        ,Pleno dia,Ceu Claro,Simples ,Rural ,Automóvel,Ileso       ,24.0,Masculino
683439,01/04/2010,RN,101,CEARA-MIRIM,Falta de atenção,Colisão Transversal,Com Vítimas Feridas,Pleno dia,Ceu Claro,Simples ,Rural ,Automóvel,Ileso       ,26.0,Masculino
683439,01/04/2010,RN,101,CEARA-MIRIM,Falta de atenção,Colisão Transversal,Com Vítimas Feridas,Pleno dia,Ceu Claro,Simples ,Rural ,Automóvel,Ileso       ,53.0,Feminino
683439,01/04/2010,RN,101,CEARA-MIRIM,Falta de atenção,Colisão Transversal,Com Vítimas Feridas,Pleno dia,Ceu Claro,Simples ,Rural ,Automóvel,Ferido Leve ,-1.0,Feminino
683439,01/04/2010,RN,101,CEARA-MIRIM,Falta de atenção,Colisão Transversal,Com Vítimas Feridas,Pleno dia,Ceu Claro,Simples ,Rural ,Automóvel,Ferido Leve ,-1.0,Feminino
683490,30/03/2010,RN,427,JARDIM DO SERIDO,Outras,Tombamento,Sem Vítimas        ,Amanhecer,Ceu Claro,Simples ,Rural ,Caminhão,Ileso       ,26.0,Masculino
683490,30/03/2010,RN,427,JARDIM DO SERIDO,Outras,Tombamento,Sem Vítimas        ,Amanhecer,Ceu Claro,Simples ,Rural ,Automóvel,Ignorado    ,-1.0,Inválido
683493,01/04/2010,RN,101,NATAL,Não guardar distância de segurança,Colisão traseira,Sem Vítimas        ,Pleno dia,Sol,Dupla   ,Urbano,Automóvel,Ignorado    ,-1.0,Feminino
683493,01/04/2010,RN,101,NATAL,Não guardar distância de segurança,Colisão traseira,Sem Vítimas        ,Pleno dia,Sol,Dupla   ,Urbano,Automóvel,Ileso       ,67.0,Masculino
683493,01/04/2010,RN,101,NATAL,Não guardar distância de segurança,Colisão traseira,Sem Vítimas        ,Pleno dia,Sol,Dupla   ,Urbano,Caminhonete,Ileso       ,35.0,Masculino
683502,02/04/2010,RN,226,CURRAIS NOVOS,Velocidade incompatível,Colisão frontal,Com Vítimas Feridas,Pleno dia,Ceu Claro,Simples ,Rural ,Automóvel,Ileso       ,28.0,Feminino
683502,02/04/2010,RN,226,CURRAIS NOVOS,Velocidade incompatível,Colisão frontal,Com Vítimas Feridas,Pleno dia,Ceu Claro,Simples ,Rural ,Automóvel,Ferido Leve ,29.0,Masculino
683502,02/04/2010,RN,226,CURRAIS NOVOS,Velocidade incompatível,Colisão frontal,Com Vítimas Feridas,Pleno dia,Ceu Claro,Simples ,Rural ,Automóvel,Ferido Leve ,34.0,Masculino
683502,02/04/2010,RN,226,CURRAIS NOVOS,Velocidade incompatível,Colisão frontal,Com Vítimas Feridas,Pleno dia,Ceu Claro,Simples ,Rural ,Automóvel,Ferido Leve ,31.0,Feminino
683502,02/04/2010,RN,226,CURRAIS NOVOS,Velocidade incompatível,Colisão frontal,Com Vítimas Feridas,Pleno dia,Ceu Claro,Simples ,Rural ,Automóvel,Ferido Leve ,6.0,Masculino
683502,02/04/2010,RN,226,CURRAIS NOVOS,Velocidade incompatível,Colisão frontal,Com Vítimas Feridas,Pleno dia,Ceu Claro,Simples ,Rural ,Automóvel,Ileso       ,32.0,Masculino
683502,02/04/2010,RN,226,CURRAIS NOVOS,Velocidade incompatível,Colisão frontal,Com Vítimas Feridas,Pleno dia,Ceu Claro,Simples ,Rural ,Automóvel,Ileso       ,29.0,Feminino
683502,02/04/2010,RN,226,CURRAIS NOVOS,Velocidade incompatível,Colisão frontal,Com Vítimas Feridas,Pleno dia,Ceu Claro,Simples ,Rural ,Automóvel,Ferido Leve ,31.0,Masculino
683502,02/04/2010,RN,226,CURRAIS NOVOS,Velocidade incompatível,Colisão frontal,Com Vítimas Feridas,Pleno dia,Ceu Claro,Simples ,Rural ,Automóvel,Ferido Leve ,41.0,Feminino
683534,05/04/2010,RN,226,TANGARA,Falta de atenção,Colisão lateral,Sem Vítimas        ,Pleno dia,Ceu Claro,Simples ,Urbano,Caminhão,Ileso       ,36.0,Masculino
683534,05/04/2010,RN,226,TANGARA,Falta de atenção,Colisão lateral,Sem Vítimas        ,Pleno dia,Ceu Claro,Simples ,Urbano,Caminhão,Ileso       ,73.0,Masculino
683544,06/04/2010,RN,405,MOSSORO,Outras,Saída de Pista,Sem Vítimas        ,Pleno dia,Ceu Claro,Simples ,Urbano,Automóvel,Ileso       ,41.0,Masculino
683553,06/04/2010,RN,101,NATAL,Falta de atenção,Colisão traseira,Sem Vítimas        ,Pleno dia,Chuva,Dupla   ,Urbano,Automóvel,Ileso       ,38.0,Masculino
683553,06/04/2010,RN,101,NATAL,Falta de atenção,Colisão traseira,Sem Vítimas        ,Pleno dia,Chuva,Dupla   ,Urbano,Automóvel,Ileso       ,31.0,Masculino
683553,06/04/2010,RN,101,NATAL,Falta de atenção,Colisão traseira,Sem Vítimas        ,Pleno dia,Chuva,Dupla   ,Urbano,Automóvel,Ileso       ,19.0,Masculino
683553,06/04/2010,RN,101,NATAL,Falta de atenção,Colisão traseira,Sem Vítimas        ,Pleno dia,Chuva,Dupla   ,Urbano,Automóvel,Ileso       ,28.0,Masculino
683611,06/04/2010,RN,101,NATAL,Não guardar distância de segurança,Colisão traseira,Sem Vítimas        ,Pleno dia,Chuva,Dupla   ,Urbano,Automóvel,Ileso       ,25.0,Masculino
683611,06/04/2010,RN,101,NATAL,Não guardar distância de segurança,Colisão traseira,Sem Vítimas        ,Pleno dia,Chuva,Dupla   ,Urbano,Automóvel,Ileso       ,36.0,Masculino
683611,06/04/2010,RN,101,NATAL,Não guardar distância de segurança,Colisão traseira,Sem Vítimas        ,Pleno dia,Chuva,Dupla   ,Urbano,Camioneta,Ileso       ,31.0,Masculino
683667,06/04/2010,RN,101,NATAL,Falta de atenção,Colisão traseira,Sem Vítimas        ,Pleno dia,Chuva,Múltipla,Urbano,Automóvel,Ileso       ,22.0,Masculino
683667,06/04/2010,RN,101,NATAL,Falta de atenção,Colisão traseira,Sem Vítimas        ,Pleno dia,Chuva,Múltipla,Urbano,Automóvel,Ileso       ,28.0,Masculino
683667,06/04/2010,RN,101,NATAL,Falta de atenção,Colisão traseira,Sem Vítimas        ,Pleno dia,Chuva,Múltipla,Urbano,Automóvel,Ileso       ,29.0,Masculino
683693,01/04/2010,RN,101,NATAL,Falta de atenção,Colisão traseira,Sem Vítimas        ,Pleno dia,Sol,Múltipla,Urbano,Automóvel,Ileso       ,18.0,Masculino
683693,01/04/2010,RN,101,NATAL,Falta de atenção,Colisão traseira,Sem Vítimas        ,Pleno dia,Sol,Múltipla,Urbano,Ônibus,Ileso       ,31.0,Masculino
683716,06/04/2010,RN,101,NATAL,Falta de atenção,Colisão traseira,Sem Vítimas        ,Pleno dia,Chuva,Múltipla,Urbano,Automóvel,Ileso       ,38.0,Feminino
683716,06/04/2010,RN,101,NATAL,Falta de atenção,Colisão traseira,Sem Vítimas        ,Pleno dia,Chuva,Múltipla,Urbano,Automóvel,Ileso       ,27.0,Masculino
683718,04/04/2010,RN,101,EXTREMOZ,Não guardar distância de segurança,Colisão traseira,Sem Vítimas        ,Pleno dia,Ceu Claro,Simples ,Rural ,Automóvel,Ileso       ,-1.0,Masculino
683718,04/04/2010,RN,101,EXTREMOZ,Não guardar distância de segurança,Colisão traseira,Sem Vítimas        ,Pleno dia,Ceu Claro,Simples ,Rural ,Automóvel,Ileso       ,-1.0,Masculino
683760,29/03/2010,RN,101,EXTREMOZ,Outras,Colisão lateral,Com Vítimas Feridas,Plena noite,Ceu Claro,Simples ,Rural ,Motocicletas,Ferido Grave,25.0,Masculino
683760,29/03/2010,RN,101,EXTREMOZ,Outras,Colisão lateral,Com Vítimas Feridas,Plena noite,Ceu Claro,Simples ,Rural ,Motocicletas,Ferido Leve ,18.0,Masculino
683760,29/03/2010,RN,101,EXTREMOZ,Outras,Colisão lateral,Com Vítimas Feridas,Plena noite,Ceu Claro,Simples ,Rural ,Automóvel,Ignorado    ,-1.0,Inválido
683807,03/04/2010,RN,427,ACARI,Outras,Colisão lateral,Com Vítimas Feridas,Plena noite,Ceu Claro,Simples ,Urbano,Motocicletas,Ferido Leve ,44.0,Masculino
683807,03/04/2010,RN,427,ACARI,Outras,Colisão lateral,Com Vítimas Feridas,Plena noite,Ceu Claro,Simples ,Urbano,Motocicletas,Ferido Leve ,30.0,Masculino
683827,06/04/2010,RN,101,NATAL,Falta de atenção,Colisão traseira,Sem Vítimas        ,Pleno dia,Chuva,Dupla   ,Urbano,Automóvel,Ileso       ,24.0,Masculino
683827,06/04/2010,RN,101,NATAL,Falta de atenção,Colisão traseira,Sem Vítimas        ,Pleno dia,Chuva,Dupla   ,Urbano,Automóvel,Ileso       ,30.0,Masculino
683827,06/04/2010,RN,101,NATAL,Falta de atenção,Colisão traseira,Sem Vítimas        ,Pleno dia,Chuva,Dupla   ,Urbano,Automóvel,Ileso       ,-1.0,Feminino
683961,07/04/2010,RN,101,NATAL,Não guardar distância de segurança,Colisão traseira,Com Vítimas Feridas,Plena noite,Chuva,Dupla   ,Urbano,Automóvel,Ileso       ,41.0,Masculino
683961,07/04/2010,RN,101,NATAL,Não guardar distância de segurança,Colisão traseira,Com Vítimas Feridas,Plena noite,Chuva,Dupla   ,Urbano,Automóvel,Ferido Leve ,58.0,Masculino
684126,04/04/2010,RN,405,MOSSORO,Outras,Queda de motocicleta / bicicleta / veículo,Com Vítimas Fatais ,Plena noite,Ceu Claro,Dupla   ,Urbano,Motocicletas,Morto       ,27.0,Masculino
684216,07/04/2010,RN,406,JOAO CAMARA,Defeito mecânico em veículo,Capotamento,Sem Vítimas        ,Plena noite,Ceu Claro,Simples ,Rural ,Caminhonete,Ileso       ,28.0,Masculino
684305,07/04/2010,RN,101,PARNAMIRIM,Falta de atenção,Colisão lateral,Sem Vítimas        ,Plena noite,Ceu Claro,Dupla   ,Urbano,Motocicletas,Ileso       ,20.0,Masculino
684305,07/04/2010,RN,101,PARNAMIRIM,Falta de atenção,Colisão lateral,Sem Vítimas        ,Plena noite,Ceu Claro,Dupla   ,Urbano,Caminhão,Ileso       ,45.0,Masculino
684484,07/04/2010,RN,110,MOSSORO,Animais na Pista,Atropelamento de animal,Com Vítimas Feridas,Plena noite,Ceu Claro,Simples ,Rural ,Automóvel,Ferido Leve ,26.0,Masculino
684508,05/04/2010,RN,304,MACAIBA,Falta de atenção,Colisão traseira,Com Vítimas Feridas,Pleno dia,Nublado,Simples ,Urbano,Ônibus,Ileso       ,53.0,Masculino
684508,05/04/2010,RN,304,MACAIBA,Falta de atenção,Colisão traseira,Com Vítimas Feridas,Pleno dia,Nublado,Simples ,Urbano,Caminhão,Ileso       ,34.0,Masculino
684508,05/04/2010,RN,304,MACAIBA,Falta de atenção,Colisão traseira,Com Vítimas Feridas,Pleno dia,Nublado,Simples ,Urbano,Automóvel,Ileso       ,41.0,Masculino
684508,05/04/2010,RN,304,MACAIBA,Falta de atenção,Colisão traseira,Com Vítimas Feridas,Pleno dia,Nublado,Simples ,Urbano,Ônibus,Ferido Leve ,70.0,Masculino
684553,04/04/2010,RN,101,NATAL,Outras,Atropelamento de pessoa,Com Vítimas Feridas,Pleno dia,Ceu Claro,Simples ,Urbano,Motocicletas,Ferido Leve ,27.0,Masculino
684553,04/04/2010,RN,101,NATAL,Outras,Atropelamento de pessoa,Com Vítimas Feridas,Pleno dia,Ceu Claro,Simples ,Urbano,(null),Ferido Leve ,17.0,Masculino
684584,04/04/2010,RN,304,MACAIBA,Falta de atenção,Colisão traseira,Com Vítimas Feridas,Plena noite,Ceu Claro,Simples ,Rural ,Caminhão,Ileso       ,25.0,Masculino
684584,04/04/2010,RN,304,MACAIBA,Falta de atenção,Colisão traseira,Com Vítimas Feridas,Plena noite,Ceu Claro,Simples ,Rural ,Caminhão,Ileso       ,28.0,Masculino
684584,04/04/2010,RN,304,MACAIBA,Falta de atenção,Colisão traseira,Com Vítimas Feridas,Plena noite,Ceu Claro,Simples ,Rural ,Automóvel,Ileso       ,27.0,Masculino
684584,04/04/2010,RN,304,MACAIBA,Falta de atenção,Colisão traseira,Com Vítimas Feridas,Plena noite,Ceu Claro,Simples ,Rural ,Caminhão-Trator,Ferido Leve ,41.0,Masculino
684594,01/04/2010,RN,406,POCO BRANCO,Defeito mecânico em veículo,Tombamento,Sem Vítimas        ,Pleno dia,Ceu Claro,Simples ,Rural ,Caminhão,Ileso       ,46.0,Masculino
684594,01/04/2010,RN,406,POCO BRANCO,Defeito mecânico em veículo,Tombamento,Sem Vítimas        ,Pleno dia,Ceu Claro,Simples ,Rural ,Caminhão,Ileso       ,25.0,Masculino
684594,01/04/2010,RN,406,POCO BRANCO,Defeito mecânico em veículo,Tombamento,Sem Vítimas        ,Pleno dia,Ceu Claro,Simples ,Rural ,Caminhão,Ileso       ,42.0,Masculino
684606,08/04/2010,RN,101,PARNAMIRIM,Outras,Queda de motocicleta / bicicleta / veículo,Com Vítimas Feridas,Pleno dia,Nublado,Dupla   ,Urbano,Motocicletas,Ferido Grave,32.0,Masculino
684606,08/04/2010,RN,101,PARNAMIRIM,Outras,Queda de motocicleta / bicicleta / veículo,Com Vítimas Feridas,Pleno dia,Nublado,Dupla   ,Urbano,Motocicletas,Ileso       ,29.0,Masculino
684692,04/04/2010,RN,304,MACAIBA,Ingestão de álcool,Capotamento,Sem Vítimas        ,Plena noite,Ceu Claro,Dupla   ,Rural ,Automóvel,Ileso       ,-1.0,Masculino
684871,08/04/2010,RN,226,SANTA CRUZ,Outras,Colisão Transversal,Sem Vítimas        ,Pleno dia,Chuva,Simples ,Urbano,Automóvel,Ileso       ,48.0,Feminino
684871,08/04/2010,RN,226,SANTA CRUZ,Outras,Colisão Transversal,Sem Vítimas        ,Pleno dia,Chuva,Simples ,Urbano,Automóvel,Ileso       ,34.0,Masculino
685041,08/04/2010,RN,304,MOSSORO,Falta de atenção,Colisão lateral,Sem Vítimas        ,Pleno dia,Ceu Claro,Simples ,Urbano,Automóvel,Ileso       ,23.0,Masculino
685041,08/04/2010,RN,304,MOSSORO,Falta de atenção,Colisão lateral,Sem Vítimas        ,Pleno dia,Ceu Claro,Simples ,Urbano,Caminhão,Ileso       ,-1.0,Masculino
685118,02/04/2010,RN,226,CURRAIS NOVOS,Dormindo,Capotamento,Com Vítimas Feridas,Plena noite,Ceu Claro,Simples ,Rural ,Automóvel,Ferido Leve ,28.0,Masculino
685143,09/04/2010,RN,226,SERRA CAIADA,Outras,Tombamento,Com Vítimas Feridas,Pleno dia,Ceu Claro,Simples ,Rural ,Caminhonete,Ferido Leve ,26.0,Masculino
685147,02/04/2010,RN,304,MOSSORO,Animais na Pista,Atropelamento de animal,Sem Vítimas        ,Plena noite,Ceu Claro,Simples ,Urbano,Automóvel,Ileso       ,32.0,Feminino
685214,09/04/2010,RN,405,MOSSORO,Falta de atenção,Colisão Transversal,Sem Vítimas        ,Pleno dia,Nublado,Simples ,Urbano,Automóvel,Ileso       ,-1.0,Masculino
685214,09/04/2010,RN,405,MOSSORO,Falta de atenção,Colisão Transversal,Sem Vítimas        ,Pleno dia,Nublado,Simples ,Urbano,Automóvel,Ileso       ,-1.0,Masculino
685248,09/04/2010,RN,304,MOSSORO,Falta de atenção,Colisão Transversal,Com Vítimas Feridas,Pleno dia,Nublado,Simples ,Rural ,Caminhão-Trator,Ileso       ,-1.0,Masculino
685248,09/04/2010,RN,304,MOSSORO,Falta de atenção,Colisão Transversal,Com Vítimas Feridas,Pleno dia,Nublado,Simples ,Rural ,Motoneta,Ferido Leve ,-1.0,Masculino
685251,31/03/2010,RN,226,MACAIBA,Falta de atenção,Colisão traseira,Com Vítimas Feridas,Anoitecer,Ceu Claro,Simples ,Urbano,Automóvel,Ileso       ,35.0,Masculino
685251,31/03/2010,RN,226,MACAIBA,Falta de atenção,Colisão traseira,Com Vítimas Feridas,Anoitecer,Ceu Claro,Simples ,Urbano,Motocicletas,Ferido Leve ,22.0,Masculino
685324,01/04/2010,RN,101,NATAL,Ingestão de álcool,Colisão com objeto fixo,Sem Vítimas        ,Plena noite,Ceu Claro,Dupla   ,Urbano,Automóvel,Ileso       ,31.0,Masculino
685407,09/04/2010,RN,226,BOM JESUS,Outras,Colisão lateral,Com Vítimas Feridas,Plena noite,Ceu Claro,Simples ,Rural ,Automóvel,Ferido Leve ,45.0,Masculino
685407,09/04/2010,RN,226,BOM JESUS,Outras,Colisão lateral,Com Vítimas Feridas,Plena noite,Ceu Claro,Simples ,Rural ,Automóvel,Ferido Leve ,35.0,Masculino
685426,09/04/2010,RN,101,NATAL,Outras,Colisão traseira,Sem Vítimas        ,Plena noite,Nublado,Dupla   ,Urbano,Automóvel,Ileso       ,24.0,Masculino
685426,09/04/2010,RN,101,NATAL,Outras,Colisão traseira,Sem Vítimas        ,Plena noite,Nublado,Dupla   ,Urbano,Automóvel,Ileso       ,31.0,Feminino
685433,09/04/2010,RN,101,NATAL,Outras,Colisão Transversal,Com Vítimas Feridas,Pleno dia,Nublado,Dupla   ,Urbano,Motocicletas,Ferido Leve ,23.0,Masculino
685433,09/04/2010,RN,101,NATAL,Outras,Colisão Transversal,Com Vítimas Feridas,Pleno dia,Nublado,Dupla   ,Urbano,Motocicletas,Ferido Grave,39.0,Masculino
685433,09/04/2010,RN,101,NATAL,Outras,Colisão Transversal,Com Vítimas Feridas,Pleno dia,Nublado,Dupla   ,Urbano,Automóvel,Ignorado    ,-1.0,Inválido
685456,08/04/2010,RN,101,SAO GONCALO DO AMARANTE,Falta de atenção,Colisão lateral,Sem Vítimas        ,Amanhecer,Ceu Claro,Simples ,Urbano,Ônibus,Ileso       ,49.0,Masculino
685456,08/04/2010,RN,101,SAO GONCALO DO AMARANTE,Falta de atenção,Colisão lateral,Sem Vítimas        ,Amanhecer,Ceu Claro,Simples ,Urbano,Automóvel,Ileso       ,25.0,Masculino
685457,09/04/2010,RN,101,NATAL,Outras,Colisão traseira,Sem Vítimas        ,Plena noite,Ceu Claro,Dupla   ,Urbano,Automóvel,Ileso       ,62.0,Masculino
685457,09/04/2010,RN,101,NATAL,Outras,Colisão traseira,Sem Vítimas        ,Plena noite,Ceu Claro,Dupla   ,Urbano,Automóvel,Ileso       ,21.0,Masculino
685554,09/04/2010,RN,110,AREIA BRANCA,Outras,Colisão frontal,Com Vítimas Fatais ,Pleno dia,Nublado,Simples ,Rural ,Automóvel,Ferido Grave,35.0,Masculino
685554,09/04/2010,RN,110,AREIA BRANCA,Outras,Colisão frontal,Com Vítimas Fatais ,Pleno dia,Nublado,Simples ,Rural ,Automóvel,Morto       ,68.0,Feminino
685554,09/04/2010,RN,110,AREIA BRANCA,Outras,Colisão frontal,Com Vítimas Fatais ,Pleno dia,Nublado,Simples ,Rural ,Automóvel,Ferido Grave,-1.0,Masculino
685554,09/04/2010,RN,110,AREIA BRANCA,Outras,Colisão frontal,Com Vítimas Fatais ,Pleno dia,Nublado,Simples ,Rural ,Caminhão-Trator,Ignorado    ,-1.0,Inválido
685577,10/04/2010,RN,304,SANTA MARIA,Outras,Danos Eventuais,Sem Vítimas        ,Plena noite,Chuva,Simples ,Rural ,Automóvel,Ileso       ,26.0,Masculino
685577,10/04/2010,RN,304,SANTA MARIA,Outras,Danos Eventuais,Sem Vítimas        ,Plena noite,Chuva,Simples ,Rural ,Ônibus,Ileso       ,58.0,Masculino
685585,10/04/2010,RN,101,NATAL,Desobediência à sinalização,Colisão Transversal,Sem Vítimas        ,Amanhecer,Chuva,Dupla   ,Urbano,Automóvel,Ileso       ,33.0,Masculino
685585,10/04/2010,RN,101,NATAL,Desobediência à sinalização,Colisão Transversal,Sem Vítimas        ,Amanhecer,Chuva,Dupla   ,Urbano,Automóvel,Ignorado    ,-1.0,Masculino
685586,10/04/2010,RN,226,CAMPO REDONDO,Dormindo,Colisão traseira,Sem Vítimas        ,Amanhecer,Ceu Claro,Simples ,Rural ,Automóvel,Ileso       ,48.0,Masculino
685586,10/04/2010,RN,226,CAMPO REDONDO,Dormindo,Colisão traseira,Sem Vítimas        ,Amanhecer,Ceu Claro,Simples ,Rural ,Caminhão,Ileso       ,34.0,Masculino
685659,10/04/2010,RN,101,NATAL,Falta de atenção,Colisão traseira,Sem Vítimas        ,Pleno dia,Chuva,Dupla   ,Urbano,Utilitário,Ileso       ,46.0,Masculino
685659,10/04/2010,RN,101,NATAL,Falta de atenção,Colisão traseira,Sem Vítimas        ,Pleno dia,Chuva,Dupla   ,Urbano,Automóvel,Ileso       ,34.0,Masculino
685711,10/04/2010,RN,101,PARNAMIRIM,Outras,Queda de motocicleta / bicicleta / veículo,Com Vítimas Feridas,Pleno dia,Nublado,Dupla   ,Urbano,Motoneta,Ferido Leve ,33.0,Masculino
685761,10/04/2010,RN,101,NATAL,Não guardar distância de segurança,Colisão traseira,Sem Vítimas        ,Pleno dia,Chuva,Dupla   ,Urbano,Automóvel,Ileso       ,49.0,Feminino
685761,10/04/2010,RN,101,NATAL,Não guardar distância de segurança,Colisão traseira,Sem Vítimas        ,Pleno dia,Chuva,Dupla   ,Urbano,Caminhão,Ileso       ,28.0,Masculino
685767,10/04/2010,RN,101,NATAL,Outras,Capotamento,Com Vítimas Feridas,Amanhecer,Chuva,Dupla   ,Urbano,Camioneta,Ferido Leve ,26.0,Masculino
685852,10/04/2010,RN,110,MOSSORO,Outras,Colisão Transversal,Com Vítimas Feridas,Pleno dia,Nublado,Múltipla,Urbano,Motocicletas,Ferido Grave,36.0,Masculino
685852,10/04/2010,RN,110,MOSSORO,Outras,Colisão Transversal,Com Vítimas Feridas,Pleno dia,Nublado,Múltipla,Urbano,Motocicletas,Ignorado    ,-1.0,Inválido
685852,10/04/2010,RN,110,MOSSORO,Outras,Colisão Transversal,Com Vítimas Feridas,Pleno dia,Nublado,Múltipla,Urbano,Motocicletas,Ferido Leve ,22.0,Masculino
685903,10/04/2010,RN,101,SAO JOSE DE MIPIBU,Ingestão de álcool,Colisão com objeto fixo,Sem Vítimas        ,Plena noite,Nublado,Dupla   ,Urbano,Automóvel,Ileso       ,42.0,Masculino
685907,10/04/2010,RN,226,NATAL,Ingestão de álcool,Colisão traseira,Sem Vítimas        ,Pleno dia,Chuva,Simples ,Urbano,Automóvel,Ileso       ,38.0,Masculino
685907,10/04/2010,RN,226,NATAL,Ingestão de álcool,Colisão traseira,Sem Vítimas        ,Pleno dia,Chuva,Simples ,Urbano,Camioneta,Ileso       ,38.0,Masculino
685925,10/04/2010,RN,101,SAO JOSE DE MIPIBU,Defeito na via,Colisão frontal,Com Vítimas Feridas,Plena noite,Ceu Claro,Simples ,Urbano,Automóvel,Ileso       ,35.0,Masculino
685925,10/04/2010,RN,101,SAO JOSE DE MIPIBU,Defeito na via,Colisão frontal,Com Vítimas Feridas,Plena noite,Ceu Claro,Simples ,Urbano,Motocicletas,Ferido Grave,38.0,Masculino
685996,10/04/2010,RN,304,ASSU,Animais na Pista,Atropelamento de animal,Com Vítimas Feridas,Plena noite,Nublado,Simples ,Rural ,Caminhonete,Ileso       ,48.0,Masculino
685996,10/04/2010,RN,304,ASSU,Animais na Pista,Atropelamento de animal,Com Vítimas Feridas,Plena noite,Nublado,Simples ,Rural ,Caminhonete,Ileso       ,-1.0,Masculino
685996,10/04/2010,RN,304,ASSU,Animais na Pista,Atropelamento de animal,Com Vítimas Feridas,Plena noite,Nublado,Simples ,Rural ,Motocicletas,Ferido Leve ,-1.0,Masculino
685996,10/04/2010,RN,304,ASSU,Animais na Pista,Atropelamento de animal,Com Vítimas Feridas,Plena noite,Nublado,Simples ,Rural ,Motocicletas,Ferido Leve ,-1.0,Masculino
686011,10/04/2010,RN,405,MOSSORO,Falta de atenção,Colisão traseira,Sem Vítimas        ,Pleno dia,Ceu Claro,Dupla   ,Urbano,Automóvel,Ileso       ,-1.0,Masculino