id,data_inversa,uf,br,municipio,causa_acidente,tipo_acidente,classificacao_acidente,fase_dia,condicao_metereologica,tipo_pista,uso_solo,tipo_veiculo,estado_fisico,idade,sexo
703418,15/05/2010,RN,405,MOSSORO,Outras,Colisão Transversal,Com Vítimas Feridas,Pleno dia,Sol,Dupla   ,Urbano,Motocicletas,Ferido Leve ,35.0,Masculino
703418,15/05/2010,RN,405,MOSSORO,Outras,Colisão Transversal,Com Vítimas Feridas,Pleno dia,Sol,Dupla   ,Urbano,Motocicletas,Ferido Leve ,31.0,Masculino
703418,15/05/2010,RN,405,MOSSORO,Outras,Colisão Transversal,Com Vítimas Feridas,Pleno dia,Sol,Dupla   ,Urbano,Motocicletas,Ignorado    ,-1.0,Inválido
703564,15/05/2010,RN,405,MOSSORO,Outras,Colisão com bicicleta,Com Vítimas Feridas,Pleno dia,Sol,Dupla   ,Urbano,Motocicletas,Ferido Leve ,21.0,Masculino
703564,15/05/2010,RN,405,MOSSORO,Outras,Colisão com bicicleta,Com Vítimas Feridas,Pleno dia,Sol,Dupla   ,Urbano,Bicicleta,Ferido Grave,59.0,Masculino
703607,15/05/2010,RN,101,SAO GONCALO DO AMARANTE,Falta de atenção,Colisão traseira,Sem Vítimas        ,Plena noite,Ceu Claro,Dupla   ,Urbano,Ônibus,Ileso       ,30.0,Masculino
703607,15/05/2010,RN,101,SAO GONCALO DO AMARANTE,Falta de atenção,Colisão traseira,Sem Vítimas        ,Plena noite,Ceu Claro,Dupla   ,Urbano,Motoneta,Ileso       ,21.0,Masculino
703706,12/05/2010,RN,101,NATAL,Falta de atenção,Colisão traseira,Sem Vítimas        ,Plena noite,Ceu Claro,Múltipla,Urbano,Camioneta,Ileso       ,39.0,Feminino
703706,12/05/2010,RN,101,NATAL,Falta de atenção,Colisão traseira,Sem Vítimas        ,Plena noite,Ceu Claro,Múltipla,Urbano,Automóvel,Ignorado    ,60.0,Masculino
703719,08/05/2010,RN,101,NATAL,Ingestão de álcool,Colisão lateral,Sem Vítimas        ,Plena noite,Ceu Claro,Dupla   ,Urbano,Caminhão,Ileso       ,36.0,Masculino
703719,08/05/2010,RN,101,NATAL,Ingestão de álcool,Colisão lateral,Sem Vítimas        ,Plena noite,Ceu Claro,Dupla   ,Urbano,Automóvel,Ileso       ,-1.0,Masculino
703730,12/05/2010,RN,101,NATAL,Falta de atenção,Colisão traseira,Sem Vítimas        ,Plena noite,Ceu Claro,Múltipla,Urbano,Automóvel,Ileso       ,27.0,Masculino
703730,12/05/2010,RN,101,NATAL,Falta de atenção,Colisão traseira,Sem Vítimas        ,Plena noite,Ceu Claro,Múltipla,Urbano,Automóvel,Ileso       ,23.0,Masculino
703730,12/05/2010,RN,101,NATAL,Falta de atenção,Colisão traseira,Sem Vítimas        ,Plena noite,Ceu Claro,Múltipla,Urbano,Automóvel,Ileso       ,30.0,Masculino
703730,12/05/2010,RN,101,NATAL,Falta de atenção,Colisão traseira,Sem Vítimas        ,Plena noite,Ceu Claro,Múltipla,Urbano,Motocicletas,Ileso       ,35.0,Masculino
703730,12/05/2010,RN,101,NATAL,Falta de atenção,Colisão traseira,Sem Vítimas        ,Plena noite,Ceu Claro,Múltipla,Urbano,Automóvel,Ileso       ,30.0,Masculino
703730,12/05/2010,RN,101,NATAL,Falta de atenção,Colisão traseira,Sem Vítimas        ,Plena noite,Ceu Claro,Múltipla,Urbano,Automóvel,Ileso       ,22.0,Feminino
703805,07/05/2010,RN,101,NATAL,Não guardar distância de segurança,Colisão traseira,Sem Vítimas        ,Plena noite,Ceu Claro,Dupla   ,Urbano,Automóvel,Ileso       ,39.0,Masculino
703805,07/05/2010,RN,101,NATAL,Não guardar distância de segurança,Colisão traseira,Sem Vítimas        ,Plena noite,Ceu Claro,Dupla   ,Urbano,Caminhonete,Ileso       ,-1.0,Masculino
703805,07/05/2010,RN,101,NATAL,Não guardar distância de segurança,Colisão traseira,Sem Vítimas        ,Plena noite,Ceu Claro,Dupla   ,Urbano,Automóvel,Ileso       ,35.0,Masculino
703835,11/05/2010,RN,101,PARNAMIRIM,Velocidade incompatível,Colisão traseira,Sem Vítimas        ,Plena noite,Ceu Claro,Dupla   ,Urbano,Utilitário,Ileso       ,71.0,Masculino
703835,11/05/2010,RN,101,PARNAMIRIM,Velocidade incompatível,Colisão traseira,Sem Vítimas        ,Plena noite,Ceu Claro,Dupla   ,Urbano,Automóvel,Ileso       ,42.0,Masculino
703835,11/05/2010,RN,101,PARNAMIRIM,Velocidade incompatível,Colisão traseira,Sem Vítimas        ,Plena noite,Ceu Claro,Dupla   ,Urbano,Automóvel,Ileso       ,22.0,Masculino
703835,11/05/2010,RN,101,PARNAMIRIM,Velocidade incompatível,Colisão traseira,Sem Vítimas        ,Plena noite,Ceu Claro,Dupla   ,Urbano,Automóvel,Ignorado    ,-1.0,Inválido
703930,16/05/2010,RN,101,PARNAMIRIM,Falta de atenção,Colisão traseira,Sem Vítimas        ,Pleno dia,Sol,Dupla   ,Urbano,Automóvel,Ileso       ,50.0,Masculino
703930,16/05/2010,RN,101,PARNAMIRIM,Falta de atenção,Colisão traseira,Sem Vítimas        ,Pleno dia,Sol,Dupla   ,Urbano,Automóvel,Ileso       ,72.0,Masculino
703998,16/05/2010,RN,101,SAO GONCALO DO AMARANTE,Outras,Colisão lateral,Com Vítimas Feridas,Plena noite,Ceu Claro,Dupla   ,Urbano,Motocicletas,Ferido Leve ,32.0,Masculino
703998,16/05/2010,RN,101,SAO GONCALO DO AMARANTE,Outras,Colisão lateral,Com Vítimas Feridas,Plena noite,Ceu Claro,Dupla   ,Urbano,Automóvel,Ignorado    ,-1.0,Inválido
703998,16/05/2010,RN,101,SAO GONCALO DO AMARANTE,Outras,Colisão lateral,Com Vítimas Feridas,Plena noite,Ceu Claro,Dupla   ,Urbano,Automóvel,Ignorado    ,-1.0,Inválido
704002,16/05/2010,RN,101,SAO GONCALO DO AMARANTE,Não guardar distância de segurança,Colisão traseira,Com Vítimas Feridas,Plena noite,Ceu Claro,Simples ,Rural ,Motocicletas,Ferido Leve ,40.0,Feminino
704002,16/05/2010,RN,101,SAO GONCALO DO AMARANTE,Não guardar distância de segurança,Colisão traseira,Com Vítimas Feridas,Plena noite,Ceu Claro,Simples ,Rural ,Automóvel,Ileso       ,27.0,Masculino
704002,16/05/2010,RN,101,SAO GONCALO DO AMARANTE,Não guardar distância de segurança,Colisão traseira,Com Vítimas Feridas,Plena noite,Ceu Claro,Simples ,Rural ,Motocicletas,Ileso       ,41.0,Masculino
704029,16/05/2010,RN,101,PARNAMIRIM,Defeito mecânico em veículo,Colisão lateral,Sem Vítimas        ,Pleno dia,Sol,Dupla   ,Urbano,Automóvel,Ileso       ,-1.0,Feminino
704029,16/05/2010,RN,101,PARNAMIRIM,Defeito mecânico em veículo,Colisão lateral,Sem Vítimas        ,Pleno dia,Sol,Dupla   ,Urbano,Camioneta,Ileso       ,39.0,Masculino
704220,13/05/2010,RN,101,PARNAMIRIM,Outras,Colisão lateral,Sem Vítimas        ,Plena noite,Ceu Claro,Dupla   ,Urbano,Automóvel,Ileso       ,19.0,Masculino
704220,13/05/2010,RN,101,PARNAMIRIM,Outras,Colisão lateral,Sem Vítimas        ,Plena noite,Ceu Claro,Dupla   ,Urbano,Caminhonete,Ileso       ,18.0,Masculino
704305,13/05/2010,RN,101,NATAL,Defeito na via,Colisão lateral,Sem Vítimas        ,Plena noite,Ceu Claro,Múltipla,Urbano,Automóvel,Ileso       ,46.0,Feminino
704305,13/05/2010,RN,101,NATAL,Defeito na via,Colisão lateral,Sem Vítimas        ,Plena noite,Ceu Claro,Múltipla,Urbano,Ônibus,Ileso       ,26.0,Masculino
704339,13/05/2010,RN,101,PARNAMIRIM,Falta de atenção,Colisão traseira,Com Vítimas Feridas,Anoitecer,Ceu Claro,Simples ,Urbano,Automóvel,Ileso       ,-1.0,Masculino
704339,13/05/2010,RN,101,PARNAMIRIM,Falta de atenção,Colisão traseira,Com Vítimas Feridas,Anoitecer,Ceu Claro,Simples ,Urbano,Motocicletas,Ferido Leve ,28.0,Masculino
704343,02/05/2010,RN,101,PARNAMIRIM,Falta de atenção,Colisão traseira,Sem Vítimas        ,Plena noite,Nublado,Dupla   ,Urbano,Automóvel,Ileso       ,29.0,Masculino
704343,02/05/2010,RN,101,PARNAMIRIM,Falta de atenção,Colisão traseira,Sem Vítimas        ,Plena noite,Nublado,Dupla   ,Urbano,Automóvel,Ileso       ,32.0,Feminino
704368,13/05/2010,RN,101,NATAL,Falta de atenção,Colisão traseira,Sem Vítimas        ,Plena noite,Ceu Claro,Simples ,Urbano,Automóvel,Ileso       ,27.0,Masculino
704368,13/05/2010,RN,101,NATAL,Falta de atenção,Colisão traseira,Sem Vítimas        ,Plena noite,Ceu Claro,Simples ,Urbano,Automóvel,Ileso       ,15.0,Masculino
704379,13/05/2010,RN,304,PARNAMIRIM,Outras,Colisão traseira,Sem Vítimas        ,Pleno dia,Sol,Dupla   ,Urbano,Camioneta,Ileso       ,39.0,Masculino
704379,13/05/2010,RN,304,PARNAMIRIM,Outras,Colisão traseira,Sem Vítimas        ,Pleno dia,Sol,Dupla   ,Urbano,Ônibus,Ileso       ,31.0,Masculino
704387,05/05/2010,RN,101,PARNAMIRIM,Falta de atenção,Colisão traseira,Sem Vítimas        ,Plena noite,Ceu Claro,Múltipla,Urbano,Automóvel,Ileso       ,38.0,Masculino
704387,05/05/2010,RN,101,PARNAMIRIM,Falta de atenção,Colisão traseira,Sem Vítimas        ,Plena noite,Ceu Claro,Múltipla,Urbano,Automóvel,Ileso       ,24.0,Masculino
704387,05/05/2010,RN,101,PARNAMIRIM,Falta de atenção,Colisão traseira,Sem Vítimas        ,Plena noite,Ceu Claro,Múltipla,Urbano,Automóvel,Ileso       ,30.0,Masculino
704388,17/05/2010,RN,304,MACAIBA,Falta de atenção,Colisão com bicicleta,Com Vítimas Feridas,Pleno dia,Sol,Simples ,Rural ,Automóvel,Ileso       ,23.0,Masculino
704388,17/05/2010,RN,304,MACAIBA,Falta de atenção,Colisão com bicicleta,Com Vítimas Feridas,Pleno dia,Sol,Simples ,Rural ,Bicicleta,Ferido Grave,72.0,Masculino
704518,17/05/2010,RN,101,NATAL,Falta de atenção,Colisão traseira,Com Vítimas Feridas,Pleno dia,Ceu Claro,Dupla   ,Urbano,Automóvel,Ileso       ,44.0,Masculino
704518,17/05/2010,RN,101,NATAL,Falta de atenção,Colisão traseira,Com Vítimas Feridas,Pleno dia,Ceu Claro,Dupla   ,Urbano,Motocicletas,Ferido Grave,44.0,Masculino
704606,17/05/2010,RN,101,NATAL,Falta de atenção,Colisão traseira,Sem Vítimas        ,Pleno dia,Ceu Claro,Múltipla,Urbano,Caminhonete,Ileso       ,37.0,Masculino
704606,17/05/2010,RN,101,NATAL,Falta de atenção,Colisão traseira,Sem Vítimas        ,Pleno dia,Ceu Claro,Múltipla,Urbano,Automóvel,Ileso       ,39.0,Masculino
704613,17/05/2010,RN,101,PARNAMIRIM,Falta de atenção,Colisão traseira,Sem Vítimas        ,Pleno dia,Ceu Claro,Múltipla,Urbano,Ônibus,Ileso       ,28.0,Masculino
704613,17/05/2010,RN,101,PARNAMIRIM,Falta de atenção,Colisão traseira,Sem Vítimas        ,Pleno dia,Ceu Claro,Múltipla,Urbano,Automóvel,Ileso       ,23.0,Feminino
704625,17/05/2010,RN,101,PARNAMIRIM,Falta de atenção,Colisão traseira,Sem Vítimas        ,Plena noite,Ceu Claro,Múltipla,Urbano,Automóvel,Ileso       ,30.0,Masculino
704625,17/05/2010,RN,101,PARNAMIRIM,Falta de atenção,Colisão traseira,Sem Vítimas        ,Plena noite,Ceu Claro,Múltipla,Urbano,Automóvel,Ileso       ,27.0,Feminino
704631,17/05/2010,RN,101,NATAL,Falta de atenção,Colisão traseira,Sem Vítimas        ,Plena noite,Ceu Claro,Simples ,Urbano,Automóvel,Ileso       ,34.0,Feminino
704631,17/05/2010,RN,101,NATAL,Falta de atenção,Colisão traseira,Sem Vítimas        ,Plena noite,Ceu Claro,Simples ,Urbano,Camioneta,Ileso       ,30.0,Masculino
704733,17/05/2010,RN,226,BOM JESUS,Ultrapassagem indevida,Colisão Transversal,Sem Vítimas        ,Pleno dia,Sol,Simples ,Rural ,Automóvel,Ileso       ,24.0,Masculino
704733,17/05/2010,RN,226,BOM JESUS,Ultrapassagem indevida,Colisão Transversal,Sem Vítimas        ,Pleno dia,Sol,Simples ,Rural ,Caminhonete,Ignorado    ,-1.0,Inválido
704737,17/05/2010,RN,226,MACAIBA,Outras,Queda de motocicleta / bicicleta / veículo,Com Vítimas Feridas,Plena noite,Ceu Claro,Simples ,Rural ,Motocicletas,Ferido Grave,26.0,Masculino
704758,09/05/2010,RN,101,SAO GONCALO DO AMARANTE,Não guardar distância de segurança,Colisão traseira,Sem Vítimas        ,Pleno dia,Ceu Claro,Dupla   ,Urbano,Ônibus,Ileso       ,36.0,Masculino
704758,09/05/2010,RN,101,SAO GONCALO DO AMARANTE,Não guardar distância de segurança,Colisão traseira,Sem Vítimas        ,Pleno dia,Ceu Claro,Dupla   ,Urbano,Automóvel,Ileso       ,38.0,Masculino
704770,17/05/2010,RN,406,JOAO CAMARA,Outras,Colisão Transversal,Com Vítimas Feridas,Anoitecer,Ceu Claro,Simples ,Urbano,Automóvel,Ileso       ,38.0,Masculino
704770,17/05/2010,RN,406,JOAO CAMARA,Outras,Colisão Transversal,Com Vítimas Feridas,Anoitecer,Ceu Claro,Simples ,Urbano,Motocicletas,Ferido Grave,67.0,Masculino
704814,15/05/2010,RN,406,TAIPU,Outras,Colisão lateral,Sem Vítimas        ,Amanhecer,Ceu Claro,Simples ,Urbano,Automóvel,Ileso       ,38.0,Masculino
704814,15/05/2010,RN,406,TAIPU,Outras,Colisão lateral,Sem Vítimas        ,Amanhecer,Ceu Claro,Simples ,Urbano,Automóvel,Ignorado    ,-1.0,Inválido
704900,18/05/2010,RN,101,NATAL,Falta de atenção,Colisão traseira,Sem Vítimas        ,Pleno dia,Ceu Claro,Dupla   ,Urbano,Automóvel,Ileso       ,20.0,Feminino
704900,18/05/2010,RN,101,NATAL,Falta de atenção,Colisão traseira,Sem Vítimas        ,Pleno dia,Ceu Claro,Dupla   ,Urbano,Automóvel,Ileso       ,30.0,Masculino
704900,18/05/2010,RN,101,NATAL,Falta de atenção,Colisão traseira,Sem Vítimas        ,Pleno dia,Ceu Claro,Dupla   ,Urbano,Automóvel,Ileso       ,57.0,Masculino
704900,18/05/2010,RN,101,NATAL,Falta de atenção,Colisão traseira,Sem Vítimas        ,Pleno dia,Ceu Claro,Dupla   ,Urbano,Automóvel,Ileso       ,53.0,Masculino
704900,18/05/2010,RN,101,NATAL,Falta de atenção,Colisão traseira,Sem Vítimas        ,Pleno dia,Ceu Claro,Dupla   ,Urbano,Caminhão,Ileso       ,44.0,Masculino
704921,15/05/2010,RN,101,NATAL,Outras,Colisão Transversal,Sem Vítimas        ,Pleno dia,Ceu Claro,Dupla   ,Urbano,Automóvel,Ileso       ,39.0,Feminino
704921,15/05/2010,RN,101,NATAL,Outras,Colisão Transversal,Sem Vítimas        ,Pleno dia,Ceu Claro,Dupla   ,Urbano,Automóvel,Ileso       ,57.0,Feminino
705006,14/05/2010,RN,101,CANGUARETAMA,Outras,Colisão frontal,Sem Vítimas        ,Plena noite,Ceu Claro,Simples ,Rural ,Automóvel,Ileso       ,40.0,Masculino
705006,14/05/2010,RN,101,CANGUARETAMA,Outras,Colisão frontal,Sem Vítimas        ,Plena noite,Ceu Claro,Simples ,Rural ,Automóvel,Ileso       ,35.0,Masculino
705016,18/05/2010,RN,101,PARNAMIRIM,Falta de atenção,Colisão lateral,Sem Vítimas        ,Pleno dia,Nublado,Dupla   ,Urbano,Caminhonete,Ileso       ,32.0,Masculino
705016,18/05/2010,RN,101,PARNAMIRIM,Falta de atenção,Colisão lateral,Sem Vítimas        ,Pleno dia,Nublado,Dupla   ,Urbano,Microônibus,Ileso       ,25.0,Masculino
705078,15/05/2010,RN,226,CURRAIS NOVOS,Outras,Queda de motocicleta / bicicleta / veículo,Com Vítimas Feridas,Pleno dia,Ceu Claro,Simples ,Rural ,Motocicletas,Ferido Grave,47.0,Masculino
705123,18/05/2010,RN,101,NATAL,Falta de atenção,Colisão traseira,Com Vítimas Feridas,Pleno dia,Ceu Claro,Dupla   ,Urbano,Automóvel,Ileso       ,57.0,Feminino
705123,18/05/2010,RN,101,NATAL,Falta de atenção,Colisão traseira,Com Vítimas Feridas,Pleno dia,Ceu Claro,Dupla   ,Urbano,Motocicletas,Ferido Leve ,20.0,Feminino
705226,18/05/2010,RN,101,PARNAMIRIM,Não guardar distância de segurança,Colisão lateral,Sem Vítimas        ,Anoitecer,Nublado,Dupla   ,Urbano,Caminhão,Ileso       ,36.0,Masculino
705226,18/05/2010,RN,101,PARNAMIRIM,Não guardar distância de segurança,Colisão lateral,Sem Vítimas        ,Anoitecer,Nublado,Dupla   ,Urbano,Automóvel,Ileso       ,36.0,Feminino
705272,18/05/2010,RN,101,NATAL,Falta de atenção,Colisão traseira,Sem Vítimas        ,Pleno dia,Sol,Múltipla,Urbano,Automóvel,Ileso       ,29.0,Masculino
705272,18/05/2010,RN,101,NATAL,Falta de atenção,Colisão traseira,Sem Vítimas        ,Pleno dia,Sol,Múltipla,Urbano,Automóvel,Ileso       ,27.0,Masculino
705272,18/05/2010,RN,101,NATAL,Falta de atenção,Colisão traseira,Sem Vítimas        ,Pleno dia,Sol,Múltipla,Urbano,Automóvel,Ileso       ,49.0,Masculino
705305,15/05/2010,RN,304,ITAJA,Animais na Pista,Atropelamento de animal,Com Vítimas Feridas,Amanhecer,Ceu Claro,Simples ,Rural ,Automóvel,Ferido Leve ,25.0,Feminino
705327,11/05/2010,RN,101,NATAL,Falta de atenção,Colisão lateral,Sem Vítimas        ,Pleno dia,Ceu Claro,Dupla   ,Urbano,Caminhão-Trator,Ileso       ,26.0,Masculino
705327,11/05/2010,RN,101,NATAL,Falta de atenção,Colisão lateral,Sem Vítimas        ,Pleno dia,Ceu Claro,Dupla   ,Urbano,Motocicletas,Ileso       ,33.0,Masculino
705354,08/05/2010,RN,405,MOSSORO,Dormindo,Colisão frontal,Com Vítimas Fatais ,Pleno dia,Ceu Claro,Simples ,Rural ,Caminhonete,Morto       ,48.0,Masculino
705354,08/05/2010,RN,405,MOSSORO,Dormindo,Colisão frontal,Com Vítimas Fatais ,Pleno dia,Ceu Claro,Simples ,Rural ,Caminhão-Trator,Ileso       ,29.0,Masculino
705356,19/05/2010,RN,101,PARNAMIRIM,Desobediência à sinalização,Colisão Transversal,Com Vítimas Feridas,Pleno dia,Sol,Simples ,Urbano,Motocicletas,Ferido Leve ,30.0,Feminino
705356,19/05/2010,RN,101,PARNAMIRIM,Desobediência à sinalização,Colisão Transversal,Com Vítimas Feridas,Pleno dia,Sol,Simples ,Urbano,Motocicletas,Ignorado    ,-1.0,Masculino
705356,19/05/2010,RN,101,PARNAMIRIM,Desobediência à sinalização,Colisão Transversal,Com Vítimas Feridas,Pleno dia,Sol,Simples ,Urbano,Motoneta,Ileso       ,50.0,Masculino
705461,11/05/2010,RN,406,CEARA-MIRIM,Outras,Colisão lateral,Sem Vítimas        ,Pleno dia,Ceu Claro,Dupla   ,Rural ,Automóvel,Ileso       ,34.0,Masculino
705461,11/05/2010,RN,406,CEARA-MIRIM,Outras,Colisão lateral,Sem Vítimas        ,Pleno dia,Ceu Claro,Dupla   ,Rural ,Automóvel,Ileso       ,25.0,Masculino
705487,15/05/2010,RN,406,JOAO CAMARA,Outras,Colisão traseira,Sem Vítimas        ,Pleno dia,Ceu Claro,Simples ,Rural ,Automóvel,Ileso       ,38.0,Masculino
705487,15/05/2010,RN,406,JOAO CAMARA,Outras,Colisão traseira,Sem Vítimas        ,Pleno dia,Ceu Claro,Simples ,Rural ,Automóvel,Ileso       ,38.0,Masculino
705501,16/05/2010,RN,101,SAO JOSE DE MIPIBU,Ingestão de álcool,Colisão com bicicleta,Com Vítimas Feridas,Anoitecer,Ceu Claro,Simples ,Urbano,Automóvel,Ileso       ,-1.0,Masculino
705501,16/05/2010,RN,101,SAO JOSE DE MIPIBU,Ingestão de álcool,Colisão com bicicleta,Com Vítimas Feridas,Anoitecer,Ceu Claro,Simples ,Urbano,Bicicleta,Ferido Leve ,26.0,Masculino
705531,19/05/2010,RN,101,NATAL,Falta de atenção,Colisão lateral,Sem Vítimas        ,Pleno dia,Ceu Claro,Dupla   ,Urbano,Automóvel,Ileso       ,44.0,Feminino
705531,19/05/2010,RN,101,NATAL,Falta de atenção,Colisão lateral,Sem Vítimas        ,Pleno dia,Ceu Claro,Dupla   ,Urbano,Caminhão,Ileso       ,24.0,Masculino
705561,16/05/2010,RN,101,CANGUARETAMA,Ingestão de álcool,Colisão frontal,Com Vítimas Feridas,Plena noite,Chuva,Simples ,Urbano,Automóvel,Ileso       ,36.0,Masculino
705561,16/05/2010,RN,101,CANGUARETAMA,Ingestão de álcool,Colisão frontal,Com Vítimas Feridas,Plena noite,Chuva,Simples ,Urbano,Motocicletas,Ferido Grave,39.0,Masculino
705561,16/05/2010,RN,101,CANGUARETAMA,Ingestão de álcool,Colisão frontal,Com Vítimas Feridas,Plena noite,Chuva,Simples ,Urbano,Automóvel,Ferido Leve ,19.0,Feminino
705566,17/05/2010,RN,101,SAO JOSE DE MIPIBU,Não guardar distância de segurança,Colisão traseira,Sem Vítimas        ,Pleno dia,Ceu Claro,Simples ,Urbano,Automóvel,Ileso       ,31.0,Masculino
705566,17/05/2010,RN,101,SAO JOSE DE MIPIBU,Não guardar distância de segurança,Colisão traseira,Sem Vítimas        ,Pleno dia,Ceu Claro,Simples ,Urbano,Automóvel,Ileso       ,32.0,Masculino
705601,15/05/2010,RN,101,SAO GONCALO DO AMARANTE,Falta de atenção,Colisão lateral,Sem Vítimas        ,Plena noite,Ceu Claro,Múltipla,Urbano,Caminhão,Ileso       ,44.0,Masculino
705601,15/05/2010,RN,101,SAO GONCALO DO AMARANTE,Falta de atenção,Colisão lateral,Sem Vítimas        ,Plena noite,Ceu Claro,Múltipla,Urbano,Automóvel,Ileso       ,44.0,Feminino
705628,19/05/2010,RN,110,MOSSORO,Falta de atenção,Colisão com bicicleta,Com Vítimas Feridas,Anoitecer,Ceu Claro,Simples ,Urbano,Automóvel,Ileso       ,32.0,Masculino
705628,19/05/2010,RN,110,MOSSORO,Falta de atenção,Colisão com bicicleta,Com Vítimas Feridas,Anoitecer,Ceu Claro,Simples ,Urbano,Bicicleta,Ferido Leve ,10.0,Masculino
705650,19/05/2010,RN,101,NATAL,Não guardar distância de segurança,Colisão lateral,Sem Vítimas        ,Plena noite,Ceu Claro,Múltipla,Urbano,Automóvel,Ignorado    ,34.0,Masculino
705650,19/05/2010,RN,101,NATAL,Não guardar distância de segurança,Colisão lateral,Sem Vítimas        ,Plena noite,Ceu Claro,Múltipla,Urbano,Automóvel,Ileso       ,66.0,Masculino
705728,20/05/2010,RN,101,NATAL,Ingestão de álcool,Colisão com objeto fixo,Com Vítimas Feridas,Plena noite,Ceu Claro,Dupla   ,Urbano,Motocicletas,Ferido Leve ,24.0,Masculino
705760,20/05/2010,RN,427,JARDIM DO SERIDO,Falta de atenção,Colisão Transversal,Com Vítimas Feridas,Pleno dia,Ceu Claro,Simples ,Urbano,Motocicletas,Ferido Leve ,56.0,Masculino
705760,20/05/2010,RN,427,JARDIM DO SERIDO,Falta de atenção,Colisão Transversal,Com Vítimas Feridas,Pleno dia,Ceu Claro,Simples ,Urbano,Caminhonete,Ileso       ,76.0,Masculino
705760,20/05/2010,RN,427,JARDIM DO SERIDO,Falta de atenção,Colisão Transversal,Com Vítimas Feridas,Pleno dia,Ceu Claro,Simples ,Urbano,Motocicletas,Ferido Grave,71.0,Masculino
705786,20/05/2010,RN,101,PARNAMIRIM,Falta de atenção,Colisão Transversal,Sem Vítimas        ,Pleno dia,Ceu Claro,Dupla   ,Urbano,Automóvel,Ileso       ,41.0,Masculino
705786,20/05/2010,RN,101,PARNAMIRIM,Falta de atenção,Colisão Transversal,Sem Vítimas        ,Pleno dia,Ceu Claro,Dupla   ,Urbano,Automóvel,Ileso       ,20.0,Masculino
705863,20/05/2010,RN,101,PARNAMIRIM,Falta de atenção,Colisão Transversal,Sem Vítimas        ,Pleno dia,Sol,Dupla   ,Urbano,Automóvel,Ileso       ,26.0,Masculino
705863,20/05/2010,RN,101,PARNAMIRIM,Falta de atenção,Colisão Transversal,Sem Vítimas        ,Pleno dia,Sol,Dupla   ,Urbano,Camioneta,Ileso       ,21.0,Masculino
705916,20/05/2010,RN,101,SAO GONCALO DO AMARANTE,Outras,Colisão traseira,Sem Vítimas        ,Pleno dia,Ceu Claro,Dupla   ,Urbano,Automóvel,Ileso       ,23.0,Masculino
705916,20/05/2010,RN,101,SAO GONCALO DO AMARANTE,Outras,Colisão traseira,Sem Vítimas        ,Pleno dia,Ceu Claro,Dupla   ,Urbano,Caminhonete,Ileso       ,27.0,Masculino
705925,17/05/2010,RN,101,SAO JOSE DE MIPIBU,Outras,Colisão traseira,Com Vítimas Fatais ,Plena noite,Ceu Claro,Dupla   ,Rural ,Ciclomotor,Morto       ,39.0,Masculino
705925,17/05/2010,RN,101,SAO JOSE DE MIPIBU,Outras,Colisão traseira,Com Vítimas Fatais ,Plena noite,Ceu Claro,Dupla   ,Rural ,Ciclomotor,Ferido Grave,47.0,Masculino
705925,17/05/2010,RN,101,SAO JOSE DE MIPIBU,Outras,Colisão traseira,Com Vítimas Fatais ,Plena noite,Ceu Claro,Dupla   ,Rural ,Camioneta,Ileso       ,28.0,Feminino
705927,15/05/2010,RN,101,PARNAMIRIM,Não guardar distância de segurança,Colisão lateral,Sem Vítimas        ,Plena noite,Ceu Claro,Dupla   ,Urbano,Caminhão,Ileso       ,45.0,Masculino
705927,15/05/2010,RN,101,PARNAMIRIM,Não guardar distância de segurança,Colisão lateral,Sem Vítimas        ,Plena noite,Ceu Claro,Dupla   ,Urbano,Automóvel,Ileso       ,29.0,Masculino
705950,20/05/2010,RN,101,NATAL,Falta de atenção,Colisão lateral,Sem Vítimas        ,Pleno dia,Sol,Simples ,Urbano,Caminhonete,Ileso       ,28.0,Masculino
705950,20/05/2010,RN,101,NATAL,Falta de atenção,Colisão lateral,Sem Vítimas        ,Pleno dia,Sol,Simples ,Urbano,Ônibus,Ileso       ,50.0,Masculino
706094,20/05/2010,RN,405,GOVERNADOR DIX-SEPT ROSADO,Dormindo,Saída de Pista,Sem Vítimas        ,Plena noite,Ceu Claro,Simples ,Rural ,Caminhão-Trator,Ileso       ,53.0,Masculino
706094,20/05/2010,RN,405,GOVERNADOR DIX-SEPT ROSADO,Dormindo,Saída de Pista,Sem Vítimas        ,Plena noite,Ceu Claro,Simples ,Rural ,Caminhão-Trator,Ileso       ,-1.0,Masculino
706095,17/05/2010,RN,101,NATAL,Falta de atenção,Colisão traseira,Sem Vítimas        ,Plena noite,Ceu Claro,Dupla   ,Urbano,Automóvel,Ileso       ,39.0,Feminino
706095,17/05/2010,RN,101,NATAL,Falta de atenção,Colisão traseira,Sem Vítimas        ,Plena noite,Ceu Claro,Dupla   ,Urbano,Microônibus,Ileso       ,30.0,Masculino
706097,13/05/2010,RN,101,PARNAMIRIM,Falta de atenção,Colisão Transversal,Sem Vítimas        ,Pleno dia,Ceu Claro,Dupla   ,Urbano,Microônibus,Ileso       ,-1.0,Masculino