id,data_inversa,uf,br,municipio,causa_acidente,tipo_acidente,classificacao_acidente,fase_dia,condicao_metereologica,tipo_pista,uso_solo,tipo_veiculo,estado_fisico,idade,sexo
709141,27/05/2010,RN,101,NATAL,Falta de atenção,Colisão lateral,Sem Vítimas        ,Pleno dia,Ceu Claro,Dupla   ,Urbano,Caminhão,Ileso       ,31.0,Masculino
709153,11/05/2010,RN,101,NATAL,Falta de atenção,Colisão traseira,Sem Vítimas        ,Pleno dia,Ceu Claro,Dupla   ,Urbano,Caminhonete,Ileso       ,47.0,Masculino
709153,11/05/2010,RN,101,NATAL,Falta de atenção,Colisão traseira,Sem Vítimas        ,Pleno dia,Ceu Claro,Dupla   ,Urbano,Automóvel,Ileso       ,24.0,Masculino
709153,11/05/2010,RN,101,NATAL,Falta de atenção,Colisão traseira,Sem Vítimas        ,Pleno dia,Ceu Claro,Dupla   ,Urbano,Automóvel,Ileso       ,30.0,Masculino
709181,20/05/2010,RN,101,SAO GONCALO DO AMARANTE,Falta de atenção,Colisão traseira,Com Vítimas Feridas,Plena noite,Ceu Claro,Dupla   ,Urbano,Automóvel,Ferido Leve ,46.0,Feminino
709181,20/05/2010,RN,101,SAO GONCALO DO AMARANTE,Falta de atenção,Colisão traseira,Com Vítimas Feridas,Plena noite,Ceu Claro,Dupla   ,Urbano,Automóvel,Ferido Grave,-1.0,Masculino
709238,24/05/2010,RN,101,SAO GONCALO DO AMARANTE,Falta de atenção,Colisão lateral,Sem Vítimas        ,Pleno dia,Ceu Claro,Dupla   ,Urbano,Ônibus,Ileso       ,32.0,Masculino
709238,24/05/2010,RN,101,SAO GONCALO DO AMARANTE,Falta de atenção,Colisão lateral,Sem Vítimas        ,Pleno dia,Ceu Claro,Dupla   ,Urbano,Camioneta,Ignorado    ,-1.0,Inválido
709257,11/05/2010,RN,101,NATAL,Falta de atenção,Colisão traseira,Sem Vítimas        ,Plena noite,Ceu Claro,Dupla   ,Urbano,Automóvel,Ileso       ,66.0,Feminino
709257,11/05/2010,RN,101,NATAL,Falta de atenção,Colisão traseira,Sem Vítimas        ,Plena noite,Ceu Claro,Dupla   ,Urbano,Automóvel,Ileso       ,33.0,Feminino
709349,15/05/2010,RN,101,SAO JOSE DE MIPIBU,Falta de atenção,Colisão lateral,Sem Vítimas        ,Pleno dia,Ceu Claro,Simples ,Urbano,Motocicletas,Ignorado    ,-1.0,Inválido
709349,15/05/2010,RN,101,SAO JOSE DE MIPIBU,Falta de atenção,Colisão lateral,Sem Vítimas        ,Pleno dia,Ceu Claro,Simples ,Urbano,Automóvel,Ileso       ,37.0,Feminino
709352,27/05/2010,RN,101,NATAL,Falta de atenção,Colisão traseira,Sem Vítimas        ,Plena noite,Ceu Claro,Múltipla,Urbano,Automóvel,Ileso       ,45.0,Masculino
709352,27/05/2010,RN,101,NATAL,Falta de atenção,Colisão traseira,Sem Vítimas        ,Plena noite,Ceu Claro,Múltipla,Urbano,Automóvel,Ileso       ,49.0,Masculino
709352,27/05/2010,RN,101,NATAL,Falta de atenção,Colisão traseira,Sem Vítimas        ,Plena noite,Ceu Claro,Múltipla,Urbano,Ônibus,Ileso       ,41.0,Masculino
709368,19/05/2010,RN,101,NATAL,Falta de atenção,Colisão lateral,Sem Vítimas        ,Plena noite,Ceu Claro,Simples ,Urbano,Ônibus,Ileso       ,33.0,Masculino
709368,19/05/2010,RN,101,NATAL,Falta de atenção,Colisão lateral,Sem Vítimas        ,Plena noite,Ceu Claro,Simples ,Urbano,Automóvel,Ileso       ,-1.0,Masculino
709385,27/05/2010,RN,101,NATAL,Outras,Colisão lateral,Sem Vítimas        ,Pleno dia,Ceu Claro,Múltipla,Urbano,Ônibus,Ileso       ,40.0,Masculino
709385,27/05/2010,RN,101,NATAL,Outras,Colisão lateral,Sem Vítimas        ,Pleno dia,Ceu Claro,Múltipla,Urbano,Automóvel,Ileso       ,65.0,Feminino
709516,24/05/2010,RN,101,PARNAMIRIM,Outras,Colisão traseira,Sem Vítimas        ,Pleno dia,Ceu Claro,Simples ,Urbano,Caminhão,Ileso       ,27.0,Masculino
709516,24/05/2010,RN,101,PARNAMIRIM,Outras,Colisão traseira,Sem Vítimas        ,Pleno dia,Ceu Claro,Simples ,Urbano,Utilitário,Ileso       ,42.0,Masculino
709520,24/05/2010,RN,101,PARNAMIRIM,Falta de atenção,Colisão Transversal,Sem Vítimas        ,Anoitecer,Ceu Claro,Simples ,Urbano,Automóvel,Ileso       ,26.0,Feminino
709520,24/05/2010,RN,101,PARNAMIRIM,Falta de atenção,Colisão Transversal,Sem Vítimas        ,Anoitecer,Ceu Claro,Simples ,Urbano,Caminhão-Trator,Ileso       ,36.0,Masculino
709549,20/05/2010,RN,406,JOAO CAMARA,Falta de atenção,Colisão lateral,Sem Vítimas        ,Pleno dia,Ignorada,Simples ,Rural ,Caminhão-Trator,Ileso       ,32.0,Masculino
709549,20/05/2010,RN,406,JOAO CAMARA,Falta de atenção,Colisão lateral,Sem Vítimas        ,Pleno dia,Ignorada,Simples ,Rural ,Caminhão,Ileso       ,27.0,Masculino
709571,26/05/2010,RN,304,MOSSORO,Animais na Pista,Atropelamento de animal,Sem Vítimas        ,Plena noite,Ceu Claro,Simples ,Rural ,Caminhonete,Ileso       ,43.0,Masculino
709576,16/05/2010,RN,101,EXTREMOZ,Ingestão de álcool,Colisão traseira,Com Vítimas Feridas,Plena noite,Ceu Claro,Simples ,Rural ,Motocicletas,Ferido Leve ,27.0,Masculino
709576,16/05/2010,RN,101,EXTREMOZ,Ingestão de álcool,Colisão traseira,Com Vítimas Feridas,Plena noite,Ceu Claro,Simples ,Rural ,Bicicleta,Ferido Leve ,18.0,Masculino
709576,16/05/2010,RN,101,EXTREMOZ,Ingestão de álcool,Colisão traseira,Com Vítimas Feridas,Plena noite,Ceu Claro,Simples ,Rural ,Bicicleta,Ferido Grave,-1.0,Masculino
709644,24/05/2010,RN,101,SAO GONCALO DO AMARANTE,Outras,Colisão Transversal,Com Vítimas Feridas,Pleno dia,Chuva,Dupla   ,Urbano,Automóvel,Ileso       ,33.0,Feminino
709644,24/05/2010,RN,101,SAO GONCALO DO AMARANTE,Outras,Colisão Transversal,Com Vítimas Feridas,Pleno dia,Chuva,Dupla   ,Urbano,Motoneta,Ferido Leve ,33.0,Masculino
709645,24/05/2010,RN,101,NATAL,Falta de atenção,Colisão lateral,Sem Vítimas        ,Pleno dia,Ceu Claro,Dupla   ,Urbano,Automóvel,Ileso       ,38.0,Feminino
709645,24/05/2010,RN,101,NATAL,Falta de atenção,Colisão lateral,Sem Vítimas        ,Pleno dia,Ceu Claro,Dupla   ,Urbano,Caminhão,Ileso       ,30.0,Masculino
709723,28/05/2010,RN,101,NATAL,Falta de atenção,Colisão traseira,Sem Vítimas        ,Pleno dia,Sol,Dupla   ,Urbano,Automóvel,Ileso       ,35.0,Masculino
709723,28/05/2010,RN,101,NATAL,Falta de atenção,Colisão traseira,Sem Vítimas        ,Pleno dia,Sol,Dupla   ,Urbano,Automóvel,Ileso       ,25.0,Feminino
709729,24/05/2010,RN,101,NATAL,Falta de atenção,Colisão lateral,Sem Vítimas        ,Plena noite,Ceu Claro,Dupla   ,Urbano,Ônibus,Ileso       ,39.0,Masculino
709729,24/05/2010,RN,101,NATAL,Falta de atenção,Colisão lateral,Sem Vítimas        ,Plena noite,Ceu Claro,Dupla   ,Urbano,Automóvel,Ileso       ,31.0,Masculino
709757,17/04/2010,RN,110,UPANEMA,Outras,Colisão frontal,Com Vítimas Feridas,Pleno dia,Ceu Claro,Simples ,Rural ,Caminhão,Ileso       ,30.0,Masculino
709757,17/04/2010,RN,110,UPANEMA,Outras,Colisão frontal,Com Vítimas Feridas,Pleno dia,Ceu Claro,Simples ,Rural ,Caminhão,Ileso       ,42.0,Masculino
709757,17/04/2010,RN,110,UPANEMA,Outras,Colisão frontal,Com Vítimas Feridas,Pleno dia,Ceu Claro,Simples ,Rural ,Automóvel,Ferido Grave,28.0,Feminino
709757,17/04/2010,RN,110,UPANEMA,Outras,Colisão frontal,Com Vítimas Feridas,Pleno dia,Ceu Claro,Simples ,Rural ,Automóvel,Ferido Grave,-1.0,Masculino
709757,17/04/2010,RN,110,UPANEMA,Outras,Colisão frontal,Com Vítimas Feridas,Pleno dia,Ceu Claro,Simples ,Rural ,Automóvel,Ferido Grave,-1.0,Masculino
709762,25/05/2010,RN,405,MOSSORO,Falta de atenção,Colisão Transversal,Com Vítimas Feridas,Pleno dia,Nublado,Simples ,Urbano,Motocicletas,Ileso       ,32.0,Masculino
709762,25/05/2010,RN,405,MOSSORO,Falta de atenção,Colisão Transversal,Com Vítimas Feridas,Pleno dia,Nublado,Simples ,Urbano,Bicicleta,Ferido Leve ,16.0,Masculino
709768,28/05/2010,RN,101,NATAL,Falta de atenção,Colisão traseira,Sem Vítimas        ,Pleno dia,Ceu Claro,Dupla   ,Urbano,Automóvel,Ileso       ,30.0,Masculino
709768,28/05/2010,RN,101,NATAL,Falta de atenção,Colisão traseira,Sem Vítimas        ,Pleno dia,Ceu Claro,Dupla   ,Urbano,Utilitário,Ileso       ,30.0,Masculino
709768,28/05/2010,RN,101,NATAL,Falta de atenção,Colisão traseira,Sem Vítimas        ,Pleno dia,Ceu Claro,Dupla   ,Urbano,Automóvel,Ileso       ,54.0,Feminino
709769,23/05/2010,RN,110,MOSSORO,Outras,Colisão Transversal,Sem Vítimas        ,Plena noite,Ceu Claro,Simples ,Rural ,Automóvel,Ileso       ,24.0,Masculino
709769,23/05/2010,RN,110,MOSSORO,Outras,Colisão Transversal,Sem Vítimas        ,Plena noite,Ceu Claro,Simples ,Rural ,Automóvel,Ileso       ,33.0,Feminino
709772,24/05/2010,RN,304,MOSSORO,Não guardar distância de segurança,Colisão traseira,Sem Vítimas        ,Pleno dia,Ceu Claro,Simples ,Urbano,Caminhão,Ileso       ,33.0,Masculino
709772,24/05/2010,RN,304,MOSSORO,Não guardar distância de segurança,Colisão traseira,Sem Vítimas        ,Pleno dia,Ceu Claro,Simples ,Urbano,Motocicletas,Ileso       ,33.0,Masculino
709775,05/03/2010,RN,226,CURRAIS NOVOS,Falta de atenção,Colisão Transversal,Com Vítimas Fatais ,Plena noite,Ceu Claro,Simples ,Rural ,Automóvel,Ileso       ,56.0,Masculino
709775,05/03/2010,RN,226,CURRAIS NOVOS,Falta de atenção,Colisão Transversal,Com Vítimas Fatais ,Plena noite,Ceu Claro,Simples ,Rural ,Automóvel,Ileso       ,49.0,Masculino
709775,05/03/2010,RN,226,CURRAIS NOVOS,Falta de atenção,Colisão Transversal,Com Vítimas Fatais ,Plena noite,Ceu Claro,Simples ,Rural ,(null),Morto       ,24.0,Masculino
709792,28/05/2010,RN,304,MACAIBA,Não guardar distância de segurança,Colisão lateral,Sem Vítimas        ,Pleno dia,Ceu Claro,Simples ,Urbano,Caminhão,Ileso       ,22.0,Masculino
709792,28/05/2010,RN,304,MACAIBA,Não guardar distância de segurança,Colisão lateral,Sem Vítimas        ,Pleno dia,Ceu Claro,Simples ,Urbano,Automóvel,Ileso       ,43.0,Masculino
709841,28/05/2010,RN,101,NATAL,Desobediência à sinalização,Colisão Transversal,Com Vítimas Feridas,Pleno dia,Ceu Claro,Simples ,Urbano,Utilitário,Ferido Leve ,41.0,Feminino
709841,28/05/2010,RN,101,NATAL,Desobediência à sinalização,Colisão Transversal,Com Vítimas Feridas,Pleno dia,Ceu Claro,Simples ,Urbano,Ônibus,Ileso       ,60.0,Masculino
709901,28/05/2010,RN,101,NATAL,Falta de atenção,Colisão traseira,Sem Vítimas        ,Pleno dia,Ceu Claro,Dupla   ,Urbano,Automóvel,Ileso       ,42.0,Feminino
709901,28/05/2010,RN,101,NATAL,Falta de atenção,Colisão traseira,Sem Vítimas        ,Pleno dia,Ceu Claro,Dupla   ,Urbano,Caminhão,Ileso       ,51.0,Masculino
709914,28/05/2010,RN,101,PARNAMIRIM,Falta de atenção,Colisão traseira,Sem Vítimas        ,Pleno dia,Ceu Claro,Dupla   ,Urbano,Caminhonete,Ileso       ,22.0,Masculino
709914,28/05/2010,RN,101,PARNAMIRIM,Falta de atenção,Colisão traseira,Sem Vítimas        ,Pleno dia,Ceu Claro,Dupla   ,Urbano,Automóvel,Ileso       ,23.0,Masculino
709966,28/05/2010,RN,101,CANGUARETAMA,Falta de atenção,Colisão lateral,Sem Vítimas        ,Pleno dia,Sol,Simples ,Rural ,Automóvel,Ileso       ,35.0,Masculino
709966,28/05/2010,RN,101,CANGUARETAMA,Falta de atenção,Colisão lateral,Sem Vítimas        ,Pleno dia,Sol,Simples ,Rural ,Caminhão,Ileso       ,37.0,Masculino
709973,28/05/2010,RN,101,PARNAMIRIM,Não guardar distância de segurança,Colisão lateral,Com Vítimas Feridas,Plena noite,Ceu Claro,Dupla   ,Urbano,Automóvel,Ileso       ,62.0,Masculino
709973,28/05/2010,RN,101,PARNAMIRIM,Não guardar distância de segurança,Colisão lateral,Com Vítimas Feridas,Plena noite,Ceu Claro,Dupla   ,Urbano,Motocicletas,Ferido Leve ,20.0,Masculino
710016,28/05/2010,RN,101,NATAL,Falta de atenção,Colisão traseira,Sem Vítimas        ,Pleno dia,Nublado,Dupla   ,Urbano,Automóvel,Ileso       ,35.0,Masculino
710016,28/05/2010,RN,101,NATAL,Falta de atenção,Colisão traseira,Sem Vítimas        ,Pleno dia,Nublado,Dupla   ,Urbano,Automóvel,Ileso       ,27.0,Masculino
710074,28/05/2010,RN,101,NATAL,Desobediência à sinalização,Colisão Transversal,Sem Vítimas        ,Plena noite,Ceu Claro,Dupla   ,Urbano,Ônibus,Ileso       ,32.0,Masculino
710074,28/05/2010,RN,101,NATAL,Desobediência à sinalização,Colisão Transversal,Sem Vítimas        ,Plena noite,Ceu Claro,Dupla   ,Urbano,Automóvel,Ileso       ,25.0,Masculino
710100,28/05/2010,RN,304,MOSSORO,Desobediência à sinalização,Colisão Transversal,Com Vítimas Feridas,Plena noite,Ceu Claro,Simples ,Urbano,Motocicletas,Ferido Leve ,25.0,Masculino
710100,28/05/2010,RN,304,MOSSORO,Desobediência à sinalização,Colisão Transversal,Com Vítimas Feridas,Plena noite,Ceu Claro,Simples ,Urbano,Caminhonete,Ileso       ,32.0,Masculino
710138,28/05/2010,RN,101,CANGUARETAMA,Falta de atenção,Colisão lateral,Sem Vítimas        ,Pleno dia,Sol,Dupla   ,Urbano,Automóvel,Ileso       ,24.0,Masculino
710138,28/05/2010,RN,101,CANGUARETAMA,Falta de atenção,Colisão lateral,Sem Vítimas        ,Pleno dia,Sol,Dupla   ,Urbano,Caminhão-Trator,Ileso       ,31.0,Masculino
710139,29/05/2010,RN,304,FERNANDO PEDROZA,Falta de atenção,Colisão traseira,Sem Vítimas        ,Plena noite,Ceu Claro,Simples ,Urbano,Caminhão,Ileso       ,47.0,Masculino
710139,29/05/2010,RN,304,FERNANDO PEDROZA,Falta de atenção,Colisão traseira,Sem Vítimas        ,Plena noite,Ceu Claro,Simples ,Urbano,Caminhão,Ileso       ,28.0,Masculino
710155,20/05/2010,RN,101,SAO GONCALO DO AMARANTE,Não guardar distância de segurança,Colisão traseira,Com Vítimas Feridas,Pleno dia,Sol,Dupla   ,Urbano,Automóvel,Ileso       ,28.0,Masculino
710155,20/05/2010,RN,101,SAO GONCALO DO AMARANTE,Não guardar distância de segurança,Colisão traseira,Com Vítimas Feridas,Pleno dia,Sol,Dupla   ,Urbano,Motocicletas,Ferido Leve ,18.0,Masculino
710176,24/05/2010,RN,226,SANTA CRUZ,Outras,Colisão Transversal,Com Vítimas Feridas,Pleno dia,Ceu Claro,Simples ,Urbano,Motocicletas,Ferido Grave,40.0,Masculino
710176,24/05/2010,RN,226,SANTA CRUZ,Outras,Colisão Transversal,Com Vítimas Feridas,Pleno dia,Ceu Claro,Simples ,Urbano,Automóvel,Ignorado    ,-1.0,Feminino
710217,25/05/2010,RN,101,NATAL,Não guardar distância de segurança,Colisão traseira,Sem Vítimas        ,Pleno dia,Ceu Claro,Múltipla,Urbano,Automóvel,Ileso       ,40.0,Masculino
710217,25/05/2010,RN,101,NATAL,Não guardar distância de segurança,Colisão traseira,Sem Vítimas        ,Pleno dia,Ceu Claro,Múltipla,Urbano,Automóvel,Ileso       ,21.0,Feminino
710218,29/05/2010,RN,101,NATAL,Outras,Colisão traseira,Sem Vítimas        ,Pleno dia,Ceu Claro,Dupla   ,Urbano,Motocicletas,Ileso       ,28.0,Masculino
710218,29/05/2010,RN,101,NATAL,Outras,Colisão traseira,Sem Vítimas        ,Pleno dia,Ceu Claro,Dupla   ,Urbano,Automóvel,Ileso       ,26.0,Masculino
710308,26/05/2010,RN,226,CAMPO REDONDO,Outras,Tombamento,Com Vítimas Feridas,Amanhecer,Ceu Claro,Simples ,Rural ,Motocicletas,Ferido Leve ,28.0,Masculino
710308,26/05/2010,RN,226,CAMPO REDONDO,Outras,Tombamento,Com Vítimas Feridas,Amanhecer,Ceu Claro,Simples ,Rural ,Motocicletas,Ferido Leve ,22.0,Masculino
710339,16/05/2010,RN,110,MOSSORO,Outras,Atropelamento de pessoa,Com Vítimas Feridas,Plena noite,Ceu Claro,Simples ,Urbano,(null),Ferido Leve ,45.0,Feminino
710339,16/05/2010,RN,110,MOSSORO,Outras,Atropelamento de pessoa,Com Vítimas Feridas,Plena noite,Ceu Claro,Simples ,Urbano,Motoneta,Ignorado    ,-1.0,Inválido
710382,29/05/2010,RN,101,NATAL,Falta de atenção,Colisão Transversal,Com Vítimas Feridas,Pleno dia,Ceu Claro,Dupla   ,Rural ,Automóvel,Ileso       ,62.0,Masculino
710382,29/05/2010,RN,101,NATAL,Falta de atenção,Colisão Transversal,Com Vítimas Feridas,Pleno dia,Ceu Claro,Dupla   ,Rural ,Motocicletas,Ferido Grave,30.0,Masculino
710382,29/05/2010,RN,101,NATAL,Falta de atenção,Colisão Transversal,Com Vítimas Feridas,Pleno dia,Ceu Claro,Dupla   ,Rural ,Motocicletas,Ferido Grave,28.0,Feminino
710523,25/05/2010,RN,101,ARES,Velocidade incompatível,Colisão com objeto fixo,Sem Vítimas        ,Pleno dia,Chuva,Dupla   ,Rural ,Caminhão,Ileso       ,54.0,Masculino
710528,29/05/2010,RN,101,MAXARANGUAPE,Animais na Pista,Atropelamento de animal,Sem Vítimas        ,Plena noite,Ceu Claro,Simples ,Rural ,Automóvel,Ileso       ,46.0,Masculino
710546,29/05/2010,RN,110,MOSSORO,Animais na Pista,Atropelamento de animal,Sem Vítimas        ,Plena noite,Ceu Claro,Simples ,Rural ,Caminhão-Trator,Ileso       ,32.0,Masculino
710590,29/05/2010,RN,101,NATAL,Falta de atenção,Colisão traseira,Sem Vítimas        ,Pleno dia,Sol,Múltipla,Urbano,Automóvel,Ileso       ,19.0,Masculino
710590,29/05/2010,RN,101,NATAL,Falta de atenção,Colisão traseira,Sem Vítimas        ,Pleno dia,Sol,Múltipla,Urbano,Ônibus,Ileso       ,35.0,Masculino
710620,17/05/2010,RN,110,MOSSORO,Falta de atenção,Colisão Transversal,Sem Vítimas        ,Plena noite,Ceu Claro,Simples ,Urbano,Camioneta,Ileso       ,49.0,Masculino
710620,17/05/2010,RN,110,MOSSORO,Falta de atenção,Colisão Transversal,Sem Vítimas        ,Plena noite,Ceu Claro,Simples ,Urbano,Motoneta,Ileso       ,31.0,Feminino
710633,29/05/2010,RN,405,RIACHO DE SANTANA,Animais na Pista,Capotamento,Com Vítimas Fatais ,Pleno dia,Sol,Simples ,Rural ,Automóvel,Ferido Leve ,44.0,Feminino
710633,29/05/2010,RN,405,RIACHO DE SANTANA,Animais na Pista,Capotamento,Com Vítimas Fatais ,Pleno dia,Sol,Simples ,Rural ,Automóvel,Morto       ,43.0,Feminino
710633,29/05/2010,RN,405,RIACHO DE SANTANA,Animais na Pista,Capotamento,Com Vítimas Fatais ,Pleno dia,Sol,Simples ,Rural ,Automóvel,Ferido Grave,16.0,Feminino
710633,29/05/2010,RN,405,RIACHO DE SANTANA,Animais na Pista,Capotamento,Com Vítimas Fatais ,Pleno dia,Sol,Simples ,Rural ,Automóvel,Ferido Leve ,8.0,Feminino
710642,30/05/2010,RN,304,MOSSORO,Outras,Colisão frontal,Com Vítimas Feridas,Plena noite,Ceu Claro,Simples ,Urbano,Motocicletas,Ferido Grave,20.0,Masculino
710642,30/05/2010,RN,304,MOSSORO,Outras,Colisão frontal,Com Vítimas Feridas,Plena noite,Ceu Claro,Simples ,Urbano,Automóvel,Ignorado    ,-1.0,Inválido
710685,29/05/2010,RN,304,SANTA MARIA,Falta de atenção,Atropelamento de pessoa,Com Vítimas Feridas,Plena noite,Ceu Claro,Simples ,Urbano,Automóvel,Ileso       ,32.0,Masculino
710685,29/05/2010,RN,304,SANTA MARIA,Falta de atenção,Atropelamento de pessoa,Com Vítimas Feridas,Plena noite,Ceu Claro,Simples ,Urbano,(null),Ferido Leve ,-1.0,Masculino
710703,30/05/2010,RN,427,ACARI,Ingestão de álcool,Colisão com objeto fixo,Com Vítimas Feridas,Plena noite,Ceu Claro,Simples ,Rural ,Motocicletas,Ferido Grave,23.0,Masculino
710703,30/05/2010,RN,427,ACARI,Ingestão de álcool,Colisão com objeto fixo,Com Vítimas Feridas,Plena noite,Ceu Claro,Simples ,Rural ,Motocicletas,Ferido Grave,22.0,Masculino
710708,26/05/2010,RN,304,MOSSORO,Dormindo,Capotamento,Com Vítimas Feridas,Plena noite,Ceu Claro,Simples ,Rural ,Caminhonete,Ileso       ,28.0,Masculino
710708,26/05/2010,RN,304,MOSSORO,Dormindo,Capotamento,Com Vítimas Feridas,Plena noite,Ceu Claro,Simples ,Rural ,Caminhonete,Ferido Leve ,40.0,Masculino
710710,26/05/2010,RN,101,NATAL,Outras,Colisão lateral,Sem Vítimas        ,Plena noite,Sol,Múltipla,Urbano,Automóvel,Ileso       ,26.0,Masculino
710710,26/05/2010,RN,101,NATAL,Outras,Colisão lateral,Sem Vítimas        ,Plena noite,Sol,Múltipla,Urbano,Automóvel,Ileso       ,32.0,Masculino
710763,27/05/2010,RN,101,NATAL,Desobediência à sinalização,Colisão Transversal,Sem Vítimas        ,Plena noite,Ceu Claro,Dupla   ,Urbano,Automóvel,Ileso       ,21.0,Masculino
710763,27/05/2010,RN,101,NATAL,Desobediência à sinalização,Colisão Transversal,Sem Vítimas        ,Plena noite,Ceu Claro,Dupla   ,Urbano,Automóvel,Ignorado    ,-1.0,Inválido
710954,30/05/2010,RN,110,MOSSORO,Falta de atenção,Colisão lateral,Com Vítimas Feridas,Pleno dia,Sol,Simples ,Urbano,Caminhão-Trator,Ileso       ,56.0,Masculino
710954,30/05/2010,RN,110,MOSSORO,Falta de atenção,Colisão lateral,Com Vítimas Feridas,Pleno dia,Sol,Simples ,Urbano,Motocicletas,Ferido Leve ,34.0,Masculino
710974,27/05/2010,RN,101,NATAL,Falta de atenção,Colisão traseira,Sem Vítimas        ,Amanhecer,Ceu Claro,Dupla   ,Urbano,Automóvel,Ileso       ,46.0,Masculino
710974,27/05/2010,RN,101,NATAL,Falta de atenção,Colisão traseira,Sem Vítimas        ,Amanhecer,Ceu Claro,Dupla   ,Urbano,Automóvel,Ileso       ,36.0,Feminino
711000,27/05/2010,RN,101,SAO GONCALO DO AMARANTE,Outras,Colisão lateral,Sem Vítimas        ,Pleno dia,Ceu Claro,Dupla   ,Urbano,Automóvel,Ileso       ,-1.0,Masculino
711000,27/05/2010,RN,101,SAO GONCALO DO AMARANTE,Outras,Colisão lateral,Sem Vítimas        ,Pleno dia,Ceu Claro,Dupla   ,Urbano,Caminhão,Ileso       ,-1.0,Masculino
711151,01/02/2010,RN,101,CEARA-MIRIM,Outras,Colisão com objeto fixo,Com Vítimas Fatais ,Plena noite,Ceu Claro,Simples ,Rural ,Motocicletas,Morto       ,30.0,Masculino
711151,01/02/2010,RN,101,CEARA-MIRIM,Outras,Colisão com objeto fixo,Com Vítimas Fatais ,Plena noite,Ceu Claro,Simples ,Rural ,Motocicletas,Ferido Leve ,19.0,Masculino
711177,19/05/2010,RN,304,MOSSORO,Falta de atenção,Queda de motocicleta / bicicleta / veículo,Com Vítimas Feridas,Pleno dia,Ceu Claro,Simples ,Urbano,Motocicletas,Ferido Leve ,27.0,Feminino
711177,19/05/2010,RN,304,MOSSORO,Falta de atenção,Queda de motocicleta / bicicleta / veículo,Com Vítimas Feridas,Pleno dia,Ceu Claro,Simples ,Urbano,Motocicletas,Ferido Leve ,15.0,Masculino
711181,28/05/2010,RN,226,TANGARA,Animais na Pista,Atropelamento de animal,Sem Vítimas        ,Pleno dia,Ceu Claro,Simples ,Urbano,Automóvel,Ileso       ,51.0,Masculino
711186,31/05/2010,RN,101,SAO GONCALO DO AMARANTE,Outras,Colisão Transversal,Sem Vítimas        ,Pleno dia,Ceu Claro,Dupla   ,Urbano,Caminhão,Ileso       ,50.0,Masculino
711186,31/05/2010,RN,101,SAO GONCALO DO AMARANTE,Outras,Colisão Transversal,Sem Vítimas        ,Pleno dia,Ceu Claro,Dupla   ,Urbano,Automóvel,Ileso       ,33.0,Masculino
711207,31/05/2010,RN,304,MACAIBA,Não guardar distância de segurança,Colisão traseira,Sem Vítimas        ,Pleno dia,Chuva,Simples ,Rural ,Automóvel,Ileso       ,32.0,Masculino
711207,31/05/2010,RN,304,MACAIBA,Não guardar distância de segurança,Colisão traseira,Sem Vítimas        ,Pleno dia,Chuva,Simples ,Rural ,Automóvel,Ileso       ,59.0,Masculino
711208,29/05/2010,RN,101,ARES,Dormindo,Saída de Pista,Com Vítimas Feridas,Plena noite,Ceu Claro,Simples ,Rural ,Automóvel,Ileso       ,35.0,Masculino
711208,29/05/2010,RN,101,ARES,Dormindo,Saída de Pista,Com Vítimas Feridas,Plena noite,Ceu Claro,Simples ,Rural ,Automóvel,Ferido Leve ,32.0,Feminino
711224,31/05/2010,RN,101,NATAL,Não guardar distância de segurança,Colisão lateral,Sem Vítimas        ,Pleno dia,Chuva,Dupla   ,Urbano,Automóvel,Ileso       ,57.0,Masculino
711224,31/05/2010,RN,101,NATAL,Não guardar distância de segurança,Colisão lateral,Sem Vítimas        ,Pleno dia,Chuva,Dupla   ,Urbano,Motocicletas,Ileso       ,28.0,Masculino
711233,31/05/2010,RN,101,NATAL,Defeito na via,Colisão lateral,Sem Vítimas        ,Pleno dia,Chuva,Dupla   ,Urbano,Automóvel,Ileso       ,33.0,Masculino
711233,31/05/2010,RN,101,NATAL,Defeito na via,Colisão lateral,Sem Vítimas        ,Pleno dia,Chuva,Dupla   ,Urbano,Ônibus,Ileso       ,30.0,Masculino
711314,27/05/2010,RN,101,NATAL,Falta de atenção,Colisão Transversal,Sem Vítimas        ,Pleno dia,Ceu Claro,Simples ,Urbano,Automóvel,Ileso       ,23.0,Masculino
711314,27/05/2010,RN,101,NATAL,Falta de atenção,Colisão Transversal,Sem Vítimas        ,Pleno dia,Ceu Claro,Simples ,Urbano,Automóvel,Ileso       ,21.0,Masculino
711348,23/03/2010,RN,101,PARNAMIRIM,Outras,Colisão lateral,Com Vítimas Fatais ,Pleno dia,Nublado,Dupla   ,Urbano,Motoneta,Ferido Leve ,36.0,Masculino
711348,23/03/2010,RN,101,PARNAMIRIM,Outras,Colisão lateral,Com Vítimas Fatais ,Pleno dia,Nublado,Dupla   ,Urbano,Caminhão,Ileso       ,43.0,Masculino
711348,23/03/2010,RN,101,PARNAMIRIM,Outras,Colisão lateral,Com Vítimas Fatais ,Pleno dia,Nublado,Dupla   ,Urbano,Motoneta,Morto       ,39.0,Feminino