id,data_inversa,uf,br,municipio,causa_acidente,tipo_acidente,classificacao_acidente,fase_dia,condicao_metereologica,tipo_pista,uso_solo,tipo_veiculo,estado_fisico,idade,sexo
736826,12/06/2010,RN,101,NATAL,Não guardar distância de segurança,Colisão traseira,Com Vítimas Feridas,Pleno dia,Ceu Claro,Dupla   ,Urbano,Automóvel,Ferido Leve ,-1.0,Masculino
736826,12/06/2010,RN,101,NATAL,Não guardar distância de segurança,Colisão traseira,Com Vítimas Feridas,Pleno dia,Ceu Claro,Dupla   ,Urbano,Camioneta,Ileso       ,31.0,Masculino
736826,12/06/2010,RN,101,NATAL,Não guardar distância de segurança,Colisão traseira,Com Vítimas Feridas,Pleno dia,Ceu Claro,Dupla   ,Urbano,Automóvel,Ileso       ,52.0,Masculino
736826,12/06/2010,RN,101,NATAL,Não guardar distância de segurança,Colisão traseira,Com Vítimas Feridas,Pleno dia,Ceu Claro,Dupla   ,Urbano,Automóvel,Ileso       ,49.0,Masculino
736830,20/07/2010,RN,304,MACAIBA,Falta de atenção,Colisão traseira,Sem Vítimas        ,Pleno dia,Sol,Dupla   ,Urbano,Caminhonete,Ileso       ,30.0,Masculino
736830,20/07/2010,RN,304,MACAIBA,Falta de atenção,Colisão traseira,Sem Vítimas        ,Pleno dia,Sol,Dupla   ,Urbano,Automóvel,Ileso       ,28.0,Masculino
736845,23/05/2010,RN,406,SAO GONCALO DO AMARANTE,Outras,Colisão com bicicleta,Com Vítimas Feridas,Pleno dia,Ceu Claro,Simples ,Urbano,Motocicletas,Ferido Grave,48.0,Masculino
736845,23/05/2010,RN,406,SAO GONCALO DO AMARANTE,Outras,Colisão com bicicleta,Com Vítimas Feridas,Pleno dia,Ceu Claro,Simples ,Urbano,Bicicleta,Ferido Grave,35.0,Masculino
736850,15/07/2010,RN,101,NATAL,Falta de atenção,Colisão traseira,Com Vítimas Feridas,Pleno dia,Ceu Claro,Dupla   ,Urbano,Caminhonete,Ileso       ,29.0,Masculino
736850,15/07/2010,RN,101,NATAL,Falta de atenção,Colisão traseira,Com Vítimas Feridas,Pleno dia,Ceu Claro,Dupla   ,Urbano,Automóvel,Ileso       ,43.0,Masculino
736850,15/07/2010,RN,101,NATAL,Falta de atenção,Colisão traseira,Com Vítimas Feridas,Pleno dia,Ceu Claro,Dupla   ,Urbano,Automóvel,Ferido Leve ,18.0,Feminino
736879,16/07/2010,RN,406,JOAO CAMARA,Falta de atenção,Saída de Pista,Com Vítimas Feridas,Pleno dia,Chuva,Simples ,Rural ,Caminhão-Tanque,Ileso       ,57.0,Masculino
736879,16/07/2010,RN,406,JOAO CAMARA,Falta de atenção,Saída de Pista,Com Vítimas Feridas,Pleno dia,Chuva,Simples ,Rural ,Caminhão-Tanque,Ferido Leve ,29.0,Masculino
736953,15/07/2010,RN,405,ITAU,Outras,Colisão lateral,Com Vítimas Feridas,Plena noite,Ceu Claro,Simples ,Rural ,Caminhão-Trator,Ferido Leve ,47.0,Masculino
736953,15/07/2010,RN,405,ITAU,Outras,Colisão lateral,Com Vítimas Feridas,Plena noite,Ceu Claro,Simples ,Rural ,Caminhão-Trator,Ferido Leve ,34.0,Feminino
736953,15/07/2010,RN,405,ITAU,Outras,Colisão lateral,Com Vítimas Feridas,Plena noite,Ceu Claro,Simples ,Rural ,Não identificado,Ignorado    ,-1.0,Inválido
737000,02/06/2010,RN,406,CEARA-MIRIM,Falta de atenção,Atropelamento de pessoa,Com Vítimas Fatais ,Plena noite,Ceu Claro,Simples ,Rural ,(null),Morto       ,20.0,Masculino
737000,02/06/2010,RN,406,CEARA-MIRIM,Falta de atenção,Atropelamento de pessoa,Com Vítimas Fatais ,Plena noite,Ceu Claro,Simples ,Rural ,Caminhão,Ignorado    ,-1.0,Inválido
737211,18/07/2010,RN,101,SAO GONCALO DO AMARANTE,Ingestão de álcool,Colisão com objeto fixo,Sem Vítimas        ,Amanhecer,Ceu Claro,Dupla   ,Urbano,Automóvel,Ileso       ,-1.0,Masculino
737271,21/07/2010,RN,101,PARNAMIRIM,Falta de atenção,Colisão lateral,Sem Vítimas        ,Pleno dia,Sol,Dupla   ,Urbano,Caminhonete,Ileso       ,31.0,Masculino
737271,21/07/2010,RN,101,PARNAMIRIM,Falta de atenção,Colisão lateral,Sem Vítimas        ,Pleno dia,Sol,Dupla   ,Urbano,Automóvel,Ileso       ,32.0,Feminino
737352,21/07/2010,RN,101,NATAL,Outras,Colisão lateral,Sem Vítimas        ,Pleno dia,Sol,Dupla   ,Urbano,Automóvel,Ileso       ,26.0,Masculino
737352,21/07/2010,RN,101,NATAL,Outras,Colisão lateral,Sem Vítimas        ,Pleno dia,Sol,Dupla   ,Urbano,Automóvel,Ileso       ,49.0,Masculino
737373,21/07/2010,RN,427,JARDIM DO SERIDO,Outras,Capotamento,Com Vítimas Feridas,Pleno dia,Ceu Claro,Simples ,Rural ,Caminhonete,Ferido Grave,31.0,Masculino
737524,18/07/2010,RN,226,SANTA CRUZ,Outras,Colisão frontal,Com Vítimas Feridas,Amanhecer,Ceu Claro,Simples ,Rural ,Ônibus,Ileso       ,50.0,Masculino
737524,18/07/2010,RN,226,SANTA CRUZ,Outras,Colisão frontal,Com Vítimas Feridas,Amanhecer,Ceu Claro,Simples ,Rural ,Motocicletas,Ferido Grave,32.0,Masculino
737524,18/07/2010,RN,226,SANTA CRUZ,Outras,Colisão frontal,Com Vítimas Feridas,Amanhecer,Ceu Claro,Simples ,Rural ,Motocicletas,Ferido Grave,34.0,Feminino
737539,21/07/2010,RN,101,SAO GONCALO DO AMARANTE,Falta de atenção,Colisão Transversal,Sem Vítimas        ,Plena noite,Ceu Claro,Dupla   ,Urbano,Ônibus,Ileso       ,-1.0,Masculino
737539,21/07/2010,RN,101,SAO GONCALO DO AMARANTE,Falta de atenção,Colisão Transversal,Sem Vítimas        ,Plena noite,Ceu Claro,Dupla   ,Urbano,Motocicletas,Ileso       ,-1.0,Masculino
737539,21/07/2010,RN,101,SAO GONCALO DO AMARANTE,Falta de atenção,Colisão Transversal,Sem Vítimas        ,Plena noite,Ceu Claro,Dupla   ,Urbano,Motocicletas,Ileso       ,-1.0,Masculino
737626,21/07/2010,RN,304,ASSU,Animais na Pista,Atropelamento de animal,Sem Vítimas        ,Plena noite,Ceu Claro,Simples ,Rural ,Caminhonete,Ileso       ,57.0,Masculino
737753,16/07/2010,RN,101,NATAL,Outras,Colisão traseira,Com Vítimas Feridas,Pleno dia,Ceu Claro,Dupla   ,Urbano,Camioneta,Ferido Leve ,39.0,Masculino
737753,16/07/2010,RN,101,NATAL,Outras,Colisão traseira,Com Vítimas Feridas,Pleno dia,Ceu Claro,Dupla   ,Urbano,Automóvel,Ileso       ,26.0,Masculino
737770,18/07/2010,RN,101,CEARA-MIRIM,Outras,Colisão traseira,Sem Vítimas        ,Pleno dia,Ceu Claro,Simples ,Rural ,Caminhonete,Ileso       ,52.0,Masculino
737770,18/07/2010,RN,101,CEARA-MIRIM,Outras,Colisão traseira,Sem Vítimas        ,Pleno dia,Ceu Claro,Simples ,Rural ,Automóvel,Ileso       ,22.0,Feminino
737787,16/07/2010,RN,427,ACARI,Animais na Pista,Atropelamento de animal,Sem Vítimas        ,Plena noite,Ceu Claro,Simples ,Rural ,Caminhão,Ileso       ,43.0,Masculino
737838,17/07/2010,RN,101,PARNAMIRIM,Ingestão de álcool,Colisão traseira,Sem Vítimas        ,Plena noite,Chuva,Dupla   ,Urbano,Automóvel,Ignorado    ,-1.0,Inválido
737838,17/07/2010,RN,101,PARNAMIRIM,Ingestão de álcool,Colisão traseira,Sem Vítimas        ,Plena noite,Chuva,Dupla   ,Urbano,Automóvel,Ileso       ,32.0,Masculino
737838,17/07/2010,RN,101,PARNAMIRIM,Ingestão de álcool,Colisão traseira,Sem Vítimas        ,Plena noite,Chuva,Dupla   ,Urbano,Automóvel,Ileso       ,59.0,Masculino
737865,22/07/2010,RN,101,SAO GONCALO DO AMARANTE,Defeito mecânico em veículo,Colisão traseira,Sem Vítimas        ,Pleno dia,Nublado,Dupla   ,Urbano,Caminhão,Ileso       ,52.0,Masculino
737865,22/07/2010,RN,101,SAO GONCALO DO AMARANTE,Defeito mecânico em veículo,Colisão traseira,Sem Vítimas        ,Pleno dia,Nublado,Dupla   ,Urbano,Automóvel,Ileso       ,42.0,Masculino
737865,22/07/2010,RN,101,SAO GONCALO DO AMARANTE,Defeito mecânico em veículo,Colisão traseira,Sem Vítimas        ,Pleno dia,Nublado,Dupla   ,Urbano,Automóvel,Ileso       ,53.0,Masculino
737865,22/07/2010,RN,101,SAO GONCALO DO AMARANTE,Defeito mecânico em veículo,Colisão traseira,Sem Vítimas        ,Pleno dia,Nublado,Dupla   ,Urbano,Camioneta,Ileso       ,-1.0,Masculino
738019,17/07/2010,RN,101,PARNAMIRIM,Ingestão de álcool,Capotamento,Com Vítimas Feridas,Pleno dia,Ceu Claro,Dupla   ,Urbano,Automóvel,Ferido Leve ,26.0,Masculino
738019,17/07/2010,RN,101,PARNAMIRIM,Ingestão de álcool,Capotamento,Com Vítimas Feridas,Pleno dia,Ceu Claro,Dupla   ,Urbano,Automóvel,Ferido Leve ,23.0,Masculino
738051,20/07/2010,RN,101,PARNAMIRIM,Não guardar distância de segurança,Colisão traseira,Sem Vítimas        ,Plena noite,Ceu Claro,Dupla   ,Urbano,Caminhonete,Ignorado    ,-1.0,Inválido
738051,20/07/2010,RN,101,PARNAMIRIM,Não guardar distância de segurança,Colisão traseira,Sem Vítimas        ,Plena noite,Ceu Claro,Dupla   ,Urbano,Automóvel,Ileso       ,40.0,Feminino
738088,22/07/2010,RN,101,PARNAMIRIM,Falta de atenção,Colisão traseira,Sem Vítimas        ,Plena noite,Chuva,Dupla   ,Rural ,Caminhão,Ileso       ,62.0,Masculino
738088,22/07/2010,RN,101,PARNAMIRIM,Falta de atenção,Colisão traseira,Sem Vítimas        ,Plena noite,Chuva,Dupla   ,Rural ,Automóvel,Ileso       ,32.0,Feminino
738094,22/07/2010,RN,101,PARNAMIRIM,Outras,Colisão lateral,Com Vítimas Feridas,Plena noite,Chuva,Dupla   ,Urbano,Automóvel,Ileso       ,28.0,Masculino
738094,22/07/2010,RN,101,PARNAMIRIM,Outras,Colisão lateral,Com Vítimas Feridas,Plena noite,Chuva,Dupla   ,Urbano,Motocicletas,Ferido Leve ,29.0,Masculino
738094,22/07/2010,RN,101,PARNAMIRIM,Outras,Colisão lateral,Com Vítimas Feridas,Plena noite,Chuva,Dupla   ,Urbano,Motocicletas,Ferido Leve ,-1.0,Feminino
738116,22/07/2010,RN,110,MOSSORO,Outras,Saída de Pista,Sem Vítimas        ,Plena noite,Ceu Claro,Simples ,Rural ,Automóvel,Ileso       ,25.0,Masculino
738116,22/07/2010,RN,110,MOSSORO,Outras,Saída de Pista,Sem Vítimas        ,Plena noite,Ceu Claro,Simples ,Rural ,Automóvel,Ileso       ,-1.0,Feminino
738116,22/07/2010,RN,110,MOSSORO,Outras,Saída de Pista,Sem Vítimas        ,Plena noite,Ceu Claro,Simples ,Rural ,Automóvel,Ileso       ,-1.0,Feminino
738187,22/07/2010,RN,304,MOSSORO,Outras,Colisão traseira,Com Vítimas Feridas,Plena noite,Ceu Claro,Simples ,Rural ,Caminhão,Ileso       ,38.0,Masculino
738187,22/07/2010,RN,304,MOSSORO,Outras,Colisão traseira,Com Vítimas Feridas,Plena noite,Ceu Claro,Simples ,Rural ,Automóvel,Ileso       ,65.0,Masculino
738187,22/07/2010,RN,304,MOSSORO,Outras,Colisão traseira,Com Vítimas Feridas,Plena noite,Ceu Claro,Simples ,Rural ,Automóvel,Ferido Leve ,65.0,Feminino
738187,22/07/2010,RN,304,MOSSORO,Outras,Colisão traseira,Com Vítimas Feridas,Plena noite,Ceu Claro,Simples ,Rural ,Automóvel,Ileso       ,23.0,Masculino
738292,20/07/2010,RN,101,NATAL,Não guardar distância de segurança,Colisão traseira,Com Vítimas Feridas,Pleno dia,Ceu Claro,Dupla   ,Urbano,Automóvel,Ileso       ,29.0,Masculino
738292,20/07/2010,RN,101,NATAL,Não guardar distância de segurança,Colisão traseira,Com Vítimas Feridas,Pleno dia,Ceu Claro,Dupla   ,Urbano,Motocicletas,Ferido Leve ,25.0,Masculino
738294,23/07/2010,RN,226,MACAIBA,Animais na Pista,Atropelamento de animal,Sem Vítimas        ,Pleno dia,Ceu Claro,Simples ,Rural ,Caminhonete,Ileso       ,24.0,Masculino
738423,23/07/2010,RN,304,CAICARA DO RIO DO VENTO,Defeito na via,Tombamento,Sem Vítimas        ,Pleno dia,Nublado,Simples ,Rural ,Caminhão-Trator,Ileso       ,33.0,Masculino
738518,23/07/2010,RN,101,PARNAMIRIM,Falta de atenção,Colisão Transversal,Sem Vítimas        ,Pleno dia,Ceu Claro,Dupla   ,Urbano,Automóvel,Ileso       ,52.0,Masculino
738518,23/07/2010,RN,101,PARNAMIRIM,Falta de atenção,Colisão Transversal,Sem Vítimas        ,Pleno dia,Ceu Claro,Dupla   ,Urbano,Automóvel,Ileso       ,52.0,Masculino
738534,23/07/2010,RN,304,MACAIBA,Falta de atenção,Colisão Transversal,Com Vítimas Feridas,Plena noite,Ceu Claro,Simples ,Urbano,Ciclomotor,Ferido Grave,-1.0,Masculino
738534,23/07/2010,RN,304,MACAIBA,Falta de atenção,Colisão Transversal,Com Vítimas Feridas,Plena noite,Ceu Claro,Simples ,Urbano,Automóvel,Ileso       ,-1.0,Masculino
738536,23/07/2010,RN,304,ASSU,Falta de atenção,Colisão Transversal,Sem Vítimas        ,Amanhecer,Ceu Claro,Simples ,Rural ,Caminhonete,Ileso       ,38.0,Masculino
738536,23/07/2010,RN,304,ASSU,Falta de atenção,Colisão Transversal,Sem Vítimas        ,Amanhecer,Ceu Claro,Simples ,Rural ,Caminhão,Ileso       ,26.0,Masculino
738558,23/07/2010,RN,101,NATAL,Falta de atenção,Colisão traseira,Sem Vítimas        ,Pleno dia,Sol,Múltipla,Urbano,Camioneta,Ileso       ,36.0,Feminino
738558,23/07/2010,RN,101,NATAL,Falta de atenção,Colisão traseira,Sem Vítimas        ,Pleno dia,Sol,Múltipla,Urbano,Caminhonete,Ileso       ,38.0,Masculino
738563,23/07/2010,RN,427,CURRAIS NOVOS,Outras,Saída de Pista,Sem Vítimas        ,Pleno dia,Sol,Simples ,Rural ,Utilitário,Ileso       ,59.0,Masculino
738598,23/07/2010,RN,101,NATAL,Falta de atenção,Colisão traseira,Sem Vítimas        ,Plena noite,Nublado,Dupla   ,Urbano,Automóvel,Ileso       ,31.0,Feminino
738598,23/07/2010,RN,101,NATAL,Falta de atenção,Colisão traseira,Sem Vítimas        ,Plena noite,Nublado,Dupla   ,Urbano,Automóvel,Ileso       ,40.0,Masculino
738624,23/07/2010,RN,101,NATAL,Não guardar distância de segurança,Colisão traseira,Sem Vítimas        ,Pleno dia,Ceu Claro,Dupla   ,Urbano,Automóvel,Ileso       ,20.0,Masculino
738624,23/07/2010,RN,101,NATAL,Não guardar distância de segurança,Colisão traseira,Sem Vítimas        ,Pleno dia,Ceu Claro,Dupla   ,Urbano,Caminhonete,Ileso       ,44.0,Feminino
738737,23/07/2010,RN,304,MOSSORO,Animais na Pista,Atropelamento de animal,Com Vítimas Feridas,Pleno dia,Ceu Claro,Simples ,Urbano,Motocicletas,Ferido Leve ,32.0,Masculino
738812,16/07/2010,RN,101,PARNAMIRIM,Outras,Colisão com objeto fixo,Com Vítimas Feridas,Pleno dia,Chuva,Múltipla,Urbano,Caminhão,Ferido Leve ,12.0,Masculino
738857,16/07/2010,RN,304,ANGICOS,Outras,Capotamento,Sem Vítimas        ,Plena noite,Ceu Claro,Simples ,Rural ,Caminhonete,Ileso       ,34.0,Masculino
738904,24/07/2010,RN,226,CURRAIS NOVOS,Outras,Colisão com objeto móvel,Sem Vítimas        ,Pleno dia,Ceu Claro,Simples ,Rural ,Automóvel,Ileso       ,62.0,Masculino
738904,24/07/2010,RN,226,CURRAIS NOVOS,Outras,Colisão com objeto móvel,Sem Vítimas        ,Pleno dia,Ceu Claro,Simples ,Rural ,Ônibus,Ileso       ,38.0,Masculino
738912,24/07/2010,RN,101,NATAL,Falta de atenção,Colisão traseira,Sem Vítimas        ,Pleno dia,Ceu Claro,Dupla   ,Urbano,Automóvel,Ileso       ,37.0,Masculino
738912,24/07/2010,RN,101,NATAL,Falta de atenção,Colisão traseira,Sem Vítimas        ,Pleno dia,Ceu Claro,Dupla   ,Urbano,Caminhão,Ileso       ,25.0,Masculino
739008,24/07/2010,RN,101,NATAL,Falta de atenção,Colisão lateral,Sem Vítimas        ,Pleno dia,Ceu Claro,Múltipla,Urbano,Microônibus,Ileso       ,38.0,Masculino
739008,24/07/2010,RN,101,NATAL,Falta de atenção,Colisão lateral,Sem Vítimas        ,Pleno dia,Ceu Claro,Múltipla,Urbano,Automóvel,Ignorado    ,-1.0,Inválido
739030,24/07/2010,RN,304,MOSSORO,Ingestão de álcool,Colisão frontal,Com Vítimas Feridas,Plena noite,Ceu Claro,Dupla   ,Urbano,Motocicletas,Ferido Leve ,41.0,Masculino
739030,24/07/2010,RN,304,MOSSORO,Ingestão de álcool,Colisão frontal,Com Vítimas Feridas,Plena noite,Ceu Claro,Dupla   ,Urbano,Automóvel,Ignorado    ,-1.0,Inválido
739175,24/07/2010,RN,101,NATAL,Outras,Colisão lateral,Sem Vítimas        ,Plena noite,Nublado,Múltipla,Urbano,Ônibus,Ileso       ,43.0,Masculino
739175,24/07/2010,RN,101,NATAL,Outras,Colisão lateral,Sem Vítimas        ,Plena noite,Nublado,Múltipla,Urbano,Microônibus,Ileso       ,26.0,Masculino
739175,24/07/2010,RN,101,NATAL,Outras,Colisão lateral,Sem Vítimas        ,Plena noite,Nublado,Múltipla,Urbano,Microônibus,Ileso       ,55.0,Masculino
739296,17/07/2010,RN,101,PARNAMIRIM,Outras,Colisão traseira,Com Vítimas Feridas,Plena noite,Ceu Claro,Dupla   ,Urbano,Motocicletas,Ferido Leve ,23.0,Masculino
739296,17/07/2010,RN,101,PARNAMIRIM,Outras,Colisão traseira,Com Vítimas Feridas,Plena noite,Ceu Claro,Dupla   ,Urbano,Motocicletas,Ferido Leve ,-1.0,Feminino
739296,17/07/2010,RN,101,PARNAMIRIM,Outras,Colisão traseira,Com Vítimas Feridas,Plena noite,Ceu Claro,Dupla   ,Urbano,Automóvel,Ileso       ,45.0,Masculino
739358,25/07/2010,RN,101,PARNAMIRIM,Falta de atenção,Colisão traseira,Sem Vítimas        ,Pleno dia,Chuva,Dupla   ,Urbano,Camioneta,Ileso       ,63.0,Masculino
739358,25/07/2010,RN,101,PARNAMIRIM,Falta de atenção,Colisão traseira,Sem Vítimas        ,Pleno dia,Chuva,Dupla   ,Urbano,Automóvel,Ileso       ,27.0,Feminino
739404,18/07/2010,RN,101,NATAL,Falta de atenção,Colisão traseira,Sem Vítimas        ,Plena noite,Ceu Claro,Múltipla,Urbano,Automóvel,Ileso       ,29.0,Masculino
739404,18/07/2010,RN,101,NATAL,Falta de atenção,Colisão traseira,Sem Vítimas        ,Plena noite,Ceu Claro,Múltipla,Urbano,Automóvel,Ileso       ,20.0,Feminino
739411,25/07/2010,RN,304,MACAIBA,Defeito mecânico em veículo,Colisão traseira,Sem Vítimas        ,Pleno dia,Chuva,Dupla   ,Rural ,Automóvel,Ileso       ,-1.0,Masculino
739411,25/07/2010,RN,304,MACAIBA,Defeito mecânico em veículo,Colisão traseira,Sem Vítimas        ,Pleno dia,Chuva,Dupla   ,Rural ,Automóvel,Ileso       ,58.0,Masculino
739474,10/07/2010,RN,226,NATAL,Animais na Pista,Atropelamento de animal,Sem Vítimas        ,Plena noite,Chuva,Simples ,Urbano,Caminhonete,Ileso       ,32.0,Masculino
739571,25/07/2010,RN,304,LAJES,Não guardar distância de segurança,Colisão traseira,Sem Vítimas        ,Pleno dia,Nublado,Simples ,Urbano,Camioneta,Ileso       ,26.0,Masculino
739571,25/07/2010,RN,304,LAJES,Não guardar distância de segurança,Colisão traseira,Sem Vítimas        ,Pleno dia,Nublado,Simples ,Urbano,Caminhonete,Ileso       ,43.0,Masculino
739578,25/07/2010,RN,304,ITAJA,Animais na Pista,Atropelamento de animal,Sem Vítimas        ,Pleno dia,Nublado,Simples ,Rural ,Automóvel,Ileso       ,33.0,Masculino
739584,21/07/2010,RN,226,MACAIBA,Outras,Colisão Transversal,Sem Vítimas        ,Pleno dia,Ceu Claro,Simples ,Urbano,Automóvel,Ileso       ,26.0,Masculino
739584,21/07/2010,RN,226,MACAIBA,Outras,Colisão Transversal,Sem Vítimas        ,Pleno dia,Ceu Claro,Simples ,Urbano,Caminhonete,Ignorado    ,-1.0,Masculino
739768,23/07/2010,RN,101,NATAL,Defeito na via,Colisão Transversal,Com Vítimas Feridas,Plena noite,Nublado,Múltipla,Urbano,Automóvel,Ileso       ,34.0,Feminino
739768,23/07/2010,RN,101,NATAL,Defeito na via,Colisão Transversal,Com Vítimas Feridas,Plena noite,Nublado,Múltipla,Urbano,Automóvel,Ileso       ,47.0,Masculino
739768,23/07/2010,RN,101,NATAL,Defeito na via,Colisão Transversal,Com Vítimas Feridas,Plena noite,Nublado,Múltipla,Urbano,Automóvel,Ferido Leve ,64.0,Feminino
739773,26/07/2010,RN,101,SAO GONCALO DO AMARANTE,Falta de atenção,Colisão traseira,Sem Vítimas        ,Pleno dia,Chuva,Dupla   ,Urbano,Ônibus,Ileso       ,28.0,Masculino
739773,26/07/2010,RN,101,SAO GONCALO DO AMARANTE,Falta de atenção,Colisão traseira,Sem Vítimas        ,Pleno dia,Chuva,Dupla   ,Urbano,Automóvel,Ileso       ,47.0,Masculino
739816,26/07/2010,RN,406,POCO BRANCO,Animais na Pista,Atropelamento de animal,Sem Vítimas        ,Pleno dia,Chuva,Simples ,Rural ,Automóvel,Ileso       ,21.0,Masculino
739831,20/07/2010,RN,101,SAO GONCALO DO AMARANTE,Falta de atenção,Atropelamento de pessoa,Com Vítimas Fatais ,Pleno dia,Ceu Claro,Dupla   ,Urbano,Automóvel,Ileso       ,38.0,Masculino
739831,20/07/2010,RN,101,SAO GONCALO DO AMARANTE,Falta de atenção,Atropelamento de pessoa,Com Vítimas Fatais ,Pleno dia,Ceu Claro,Dupla   ,Urbano,(null),Morto       ,82.0,Feminino
739987,25/07/2010,RN,101,NATAL,Falta de atenção,Colisão traseira,Sem Vítimas        ,Plena noite,Nublado,Dupla   ,Urbano,Automóvel,Ignorado    ,-1.0,Inválido
739987,25/07/2010,RN,101,NATAL,Falta de atenção,Colisão traseira,Sem Vítimas        ,Plena noite,Nublado,Dupla   ,Urbano,Ônibus,Ileso       ,35.0,Masculino
740198,26/07/2010,RN,405,MOSSORO,Ingestão de álcool,Colisão lateral,Com Vítimas Feridas,Pleno dia,Sol,Simples ,Rural ,Caminhonete,Ileso       ,47.0,Masculino
740198,26/07/2010,RN,405,MOSSORO,Ingestão de álcool,Colisão lateral,Com Vítimas Feridas,Pleno dia,Sol,Simples ,Rural ,Automóvel,Ferido Leve ,51.0,Masculino
740202,23/07/2010,RN,101,PARNAMIRIM,Defeito na via,Colisão Transversal,Com Vítimas Feridas,Plena noite,Nublado,Dupla   ,Urbano,Camioneta,Ileso       ,58.0,Masculino
740202,23/07/2010,RN,101,PARNAMIRIM,Defeito na via,Colisão Transversal,Com Vítimas Feridas,Plena noite,Nublado,Dupla   ,Urbano,Automóvel,Ileso       ,32.0,Masculino
740202,23/07/2010,RN,101,PARNAMIRIM,Defeito na via,Colisão Transversal,Com Vítimas Feridas,Plena noite,Nublado,Dupla   ,Urbano,Camioneta,Ferido Leve ,13.0,Feminino
740221,26/07/2010,RN,101,NATAL,Outras,Colisão lateral,Sem Vítimas        ,Plena noite,Ceu Claro,Múltipla,Urbano,Ônibus,Ileso       ,55.0,Masculino
740221,26/07/2010,RN,101,NATAL,Outras,Colisão lateral,Sem Vítimas        ,Plena noite,Ceu Claro,Múltipla,Urbano,Ônibus,Ileso       ,26.0,Masculino
740274,26/07/2010,RN,304,MOSSORO,Desobediência à sinalização,Colisão Transversal,Sem Vítimas        ,Plena noite,Nublado,Simples ,Urbano,Automóvel,Ileso       ,30.0,Feminino
740274,26/07/2010,RN,304,MOSSORO,Desobediência à sinalização,Colisão Transversal,Sem Vítimas        ,Plena noite,Nublado,Simples ,Urbano,Caminhão,Ileso       ,71.0,Masculino
740306,26/07/2010,RN,110,MOSSORO,Falta de atenção,Colisão lateral,Sem Vítimas        ,Pleno dia,Ceu Claro,Dupla   ,Urbano,Caminhão-Trator,Ileso       ,29.0,Masculino
740306,26/07/2010,RN,110,MOSSORO,Falta de atenção,Colisão lateral,Sem Vítimas        ,Pleno dia,Ceu Claro,Dupla   ,Urbano,Caminhonete,Ileso       ,37.0,Feminino
740349,20/07/2010,RN,101,NATAL,Falta de atenção,Colisão traseira,Com Vítimas Feridas,Pleno dia,Ceu Claro,Dupla   ,Urbano,Automóvel,Ileso       ,20.0,Masculino
740349,20/07/2010,RN,101,NATAL,Falta de atenção,Colisão traseira,Com Vítimas Feridas,Pleno dia,Ceu Claro,Dupla   ,Urbano,Motocicletas,Ferido Leve ,31.0,Masculino
740349,20/07/2010,RN,101,NATAL,Falta de atenção,Colisão traseira,Com Vítimas Feridas,Pleno dia,Ceu Claro,Dupla   ,Urbano,Automóvel,Ileso       ,51.0,Masculino
740349,20/07/2010,RN,101,NATAL,Falta de atenção,Colisão traseira,Com Vítimas Feridas,Pleno dia,Ceu Claro,Dupla   ,Urbano,Motocicletas,Ferido Leve ,22.0,Feminino
740366,23/07/2010,RN,406,CEARA-MIRIM,Ingestão de álcool,Atropelamento de pessoa,Com Vítimas Feridas,Plena noite,Vento,Simples ,Urbano,(null),Ferido Leve ,31.0,Masculino
740366,23/07/2010,RN,406,CEARA-MIRIM,Ingestão de álcool,Atropelamento de pessoa,Com Vítimas Feridas,Plena noite,Vento,Simples ,Urbano,Automóvel,Ileso       ,62.0,Masculino
740428,23/07/2010,RN,304,CAICARA DO RIO DO VENTO,Outras,Colisão com objeto móvel,Com Vítimas Feridas,Plena noite,Ceu Claro,Simples ,Rural ,Motocicletas,Ferido Grave,22.0,Masculino
740428,23/07/2010,RN,304,CAICARA DO RIO DO VENTO,Outras,Colisão com objeto móvel,Com Vítimas Feridas,Plena noite,Ceu Claro,Simples ,Rural ,Motocicletas,Ferido Grave,23.0,Masculino
740428,23/07/2010,RN,304,CAICARA DO RIO DO VENTO,Outras,Colisão com objeto móvel,Com Vítimas Feridas,Plena noite,Ceu Claro,Simples ,Rural ,Reboque,Ileso       ,33.0,Masculino
740446,27/07/2010,RN,101,NATAL,Desobediência à sinalização,Colisão Transversal,Sem Vítimas        ,Pleno dia,Nublado,Múltipla,Urbano,Caminhão,Ileso       ,53.0,Masculino
740446,27/07/2010,RN,101,NATAL,Desobediência à sinalização,Colisão Transversal,Sem Vítimas        ,Pleno dia,Nublado,Múltipla,Urbano,Automóvel,Ileso       ,30.0,Feminino
740549,27/07/2010,RN,101,NATAL,Falta de atenção,Colisão Transversal,Com Vítimas Feridas,Pleno dia,Sol,Dupla   ,Urbano,Bicicleta,Ferido Leve ,22.0,Masculino
740549,27/07/2010,RN,101,NATAL,Falta de atenção,Colisão Transversal,Com Vítimas Feridas,Pleno dia,Sol,Dupla   ,Urbano,Motocicletas,Ferido Leve ,36.0,Feminino
740549,27/07/2010,RN,101,NATAL,Falta de atenção,Colisão Transversal,Com Vítimas Feridas,Pleno dia,Sol,Dupla   ,Urbano,Motocicletas,Ferido Leve ,37.0,Masculino
740609,27/07/2010,RN,101,NATAL,Não guardar distância de segurança,Colisão traseira,Sem Vítimas        ,Pleno dia,Sol,Dupla   ,Urbano,Automóvel,Ileso       ,-1.0,Masculino