id,data_inversa,uf,br,municipio,causa_acidente,tipo_acidente,classificacao_acidente,fase_dia,condicao_metereologica,tipo_pista,uso_solo,tipo_veiculo,estado_fisico,idade,sexo
749492,13/08/2010,RN,110,MOSSORO,Falta de atenção,Colisão Transversal,Sem Vítimas        ,Pleno dia,Ceu Claro,Simples ,Rural ,Automóvel,Ileso       ,25.0,Masculino
749492,13/08/2010,RN,110,MOSSORO,Falta de atenção,Colisão Transversal,Sem Vítimas        ,Pleno dia,Ceu Claro,Simples ,Rural ,Automóvel,Ileso       ,56.0,Masculino
749534,13/08/2010,RN,101,NATAL,Outras,Colisão traseira,Sem Vítimas        ,Pleno dia,Nublado,Dupla   ,Urbano,Camioneta,Ileso       ,24.0,Masculino
749534,13/08/2010,RN,101,NATAL,Outras,Colisão traseira,Sem Vítimas        ,Pleno dia,Nublado,Dupla   ,Urbano,Automóvel,Ileso       ,50.0,Masculino
749534,13/08/2010,RN,101,NATAL,Outras,Colisão traseira,Sem Vítimas        ,Pleno dia,Nublado,Dupla   ,Urbano,Automóvel,Ignorado    ,-1.0,Masculino
749543,14/08/2010,RN,427,ACARI,Falta de atenção,Capotamento,Ignorado           ,Plena noite,Ceu Claro,Simples ,Rural ,Automóvel,Ignorado    ,-1.0,Inválido
749811,14/08/2010,RN,101,NATAL,Falta de atenção,Colisão lateral,Com Vítimas Feridas,Pleno dia,Sol,Dupla   ,Urbano,Motocicletas,Ferido Leve ,29.0,Masculino
749811,14/08/2010,RN,101,NATAL,Falta de atenção,Colisão lateral,Com Vítimas Feridas,Pleno dia,Sol,Dupla   ,Urbano,Motocicletas,Ferido Grave,28.0,Feminino
749811,14/08/2010,RN,101,NATAL,Falta de atenção,Colisão lateral,Com Vítimas Feridas,Pleno dia,Sol,Dupla   ,Urbano,Caminhonete,Ileso       ,66.0,Masculino
749811,14/08/2010,RN,101,NATAL,Falta de atenção,Colisão lateral,Com Vítimas Feridas,Pleno dia,Sol,Dupla   ,Urbano,Caminhonete,Ileso       ,-1.0,Feminino
749860,14/08/2010,RN,101,SAO JOSE DE MIPIBU,Não guardar distância de segurança,Colisão traseira,Sem Vítimas        ,Pleno dia,Ceu Claro,Simples ,Urbano,Camioneta,Ileso       ,41.0,Masculino
749860,14/08/2010,RN,101,SAO JOSE DE MIPIBU,Não guardar distância de segurança,Colisão traseira,Sem Vítimas        ,Pleno dia,Ceu Claro,Simples ,Urbano,Automóvel,Ileso       ,65.0,Masculino
749881,14/08/2010,RN,405,MOSSORO,Animais na Pista,Atropelamento de animal,Sem Vítimas        ,Plena noite,Ceu Claro,Simples ,Urbano,Automóvel,Ileso       ,29.0,Masculino
749888,14/08/2010,RN,304,ASSU,Falta de atenção,Colisão traseira,Sem Vítimas        ,Pleno dia,Sol,Simples ,Rural ,Motocicletas,Ileso       ,38.0,Masculino
749888,14/08/2010,RN,304,ASSU,Falta de atenção,Colisão traseira,Sem Vítimas        ,Pleno dia,Sol,Simples ,Rural ,Automóvel,Ileso       ,24.0,Masculino
749888,14/08/2010,RN,304,ASSU,Falta de atenção,Colisão traseira,Sem Vítimas        ,Pleno dia,Sol,Simples ,Rural ,Caminhão-Tanque,Ileso       ,49.0,Masculino
749888,14/08/2010,RN,304,ASSU,Falta de atenção,Colisão traseira,Sem Vítimas        ,Pleno dia,Sol,Simples ,Rural ,Caminhonete,Ileso       ,44.0,Masculino
750008,01/08/2010,RN,101,NATAL,Não guardar distância de segurança,Colisão traseira,Sem Vítimas        ,Plena noite,Vento,Dupla   ,Urbano,Automóvel,Ileso       ,34.0,Feminino
750008,01/08/2010,RN,101,NATAL,Não guardar distância de segurança,Colisão traseira,Sem Vítimas        ,Plena noite,Vento,Dupla   ,Urbano,Ônibus,Ileso       ,35.0,Masculino
750047,15/08/2010,RN,226,SANTA CRUZ,Dormindo,Colisão frontal,Com Vítimas Feridas,Amanhecer,Ceu Claro,Simples ,Urbano,Automóvel,Ferido Leve ,25.0,Masculino
750047,15/08/2010,RN,226,SANTA CRUZ,Dormindo,Colisão frontal,Com Vítimas Feridas,Amanhecer,Ceu Claro,Simples ,Urbano,Automóvel,Ileso       ,51.0,Masculino
750086,10/08/2010,RN,101,SAO GONCALO DO AMARANTE,Não guardar distância de segurança,Colisão traseira,Sem Vítimas        ,Pleno dia,Ceu Claro,Dupla   ,Urbano,Automóvel,Ileso       ,24.0,Feminino
750086,10/08/2010,RN,101,SAO GONCALO DO AMARANTE,Não guardar distância de segurança,Colisão traseira,Sem Vítimas        ,Pleno dia,Ceu Claro,Dupla   ,Urbano,Automóvel,Ileso       ,19.0,Feminino
750240,04/07/2010,RN,427,ACARI,Ingestão de álcool,Colisão frontal,Com Vítimas Fatais ,Plena noite,Ceu Claro,Dupla   ,Urbano,Motocicletas,Morto       ,43.0,Masculino
750240,04/07/2010,RN,427,ACARI,Ingestão de álcool,Colisão frontal,Com Vítimas Fatais ,Plena noite,Ceu Claro,Dupla   ,Urbano,Caminhonete,Ignorado    ,-1.0,Masculino
750240,04/07/2010,RN,427,ACARI,Ingestão de álcool,Colisão frontal,Com Vítimas Fatais ,Plena noite,Ceu Claro,Dupla   ,Urbano,Motocicletas,Morto       ,37.0,Feminino
750240,04/07/2010,RN,427,ACARI,Ingestão de álcool,Colisão frontal,Com Vítimas Fatais ,Plena noite,Ceu Claro,Dupla   ,Urbano,Motocicletas,Ferido Grave,9.0,Masculino
750274,15/08/2010,RN,406,SAO JOSE DE MIPIBU,Ingestão de álcool,Atropelamento de pessoa,Com Vítimas Feridas,Anoitecer,Ceu Claro,Dupla   ,Urbano,Automóvel,Ileso       ,34.0,Masculino
750274,15/08/2010,RN,406,SAO JOSE DE MIPIBU,Ingestão de álcool,Atropelamento de pessoa,Com Vítimas Feridas,Anoitecer,Ceu Claro,Dupla   ,Urbano,(null),Ferido Leve ,60.0,Masculino
750304,12/08/2010,RN,101,SAO GONCALO DO AMARANTE,Falta de atenção,Colisão lateral,Sem Vítimas        ,Pleno dia,Ceu Claro,Dupla   ,Urbano,Automóvel,Ileso       ,28.0,Masculino
750304,12/08/2010,RN,101,SAO GONCALO DO AMARANTE,Falta de atenção,Colisão lateral,Sem Vítimas        ,Pleno dia,Ceu Claro,Dupla   ,Urbano,Caminhonete,Ileso       ,51.0,Masculino
750347,15/08/2010,RN,101,NATAL,Ingestão de álcool,Colisão traseira,Sem Vítimas        ,Plena noite,Ceu Claro,Dupla   ,Urbano,Automóvel,Ileso       ,28.0,Masculino
750347,15/08/2010,RN,101,NATAL,Ingestão de álcool,Colisão traseira,Sem Vítimas        ,Plena noite,Ceu Claro,Dupla   ,Urbano,Automóvel,Ileso       ,32.0,Feminino
750368,15/08/2010,RN,304,MOSSORO,Animais na Pista,Atropelamento de animal,Com Vítimas Feridas,Plena noite,Ceu Claro,Simples ,Rural ,Automóvel,Ileso       ,22.0,Masculino
750368,15/08/2010,RN,304,MOSSORO,Animais na Pista,Atropelamento de animal,Com Vítimas Feridas,Plena noite,Ceu Claro,Simples ,Rural ,Automóvel,Ileso       ,29.0,Masculino
750368,15/08/2010,RN,304,MOSSORO,Animais na Pista,Atropelamento de animal,Com Vítimas Feridas,Plena noite,Ceu Claro,Simples ,Rural ,Caminhão,Ileso       ,24.0,Masculino
750368,15/08/2010,RN,304,MOSSORO,Animais na Pista,Atropelamento de animal,Com Vítimas Feridas,Plena noite,Ceu Claro,Simples ,Rural ,Automóvel,Ferido Leve ,-1.0,Feminino
750391,15/08/2010,RN,101,SAO JOSE DE MIPIBU,Falta de atenção,Atropelamento de pessoa,Com Vítimas Feridas,Plena noite,Ceu Claro,Dupla   ,Rural ,Automóvel,Ferido Leve ,31.0,Masculino
750391,15/08/2010,RN,101,SAO JOSE DE MIPIBU,Falta de atenção,Atropelamento de pessoa,Com Vítimas Feridas,Plena noite,Ceu Claro,Dupla   ,Rural ,(null),Ferido Leve ,-1.0,Masculino
750407,15/08/2010,RN,304,MOSSORO,Animais na Pista,Atropelamento de animal,Com Vítimas Feridas,Plena noite,Ceu Claro,Simples ,Rural ,Motocicletas,Ferido Leve ,31.0,Masculino
750407,15/08/2010,RN,304,MOSSORO,Animais na Pista,Atropelamento de animal,Com Vítimas Feridas,Plena noite,Ceu Claro,Simples ,Rural ,Motocicletas,Ferido Leve ,25.0,Masculino
750493,16/08/2010,RN,427,CAICO,Ingestão de álcool,Capotamento,Com Vítimas Fatais ,Plena noite,Ceu Claro,Simples ,Rural ,Caminhonete,Ferido Grave,26.0,Masculino
750493,16/08/2010,RN,427,CAICO,Ingestão de álcool,Capotamento,Com Vítimas Fatais ,Plena noite,Ceu Claro,Simples ,Rural ,Caminhonete,Ileso       ,18.0,Masculino
750493,16/08/2010,RN,427,CAICO,Ingestão de álcool,Capotamento,Com Vítimas Fatais ,Plena noite,Ceu Claro,Simples ,Rural ,Caminhonete,Morto       ,18.0,Masculino
750493,16/08/2010,RN,427,CAICO,Ingestão de álcool,Capotamento,Com Vítimas Fatais ,Plena noite,Ceu Claro,Simples ,Rural ,Caminhonete,Ferido Grave,22.0,Masculino
750493,16/08/2010,RN,427,CAICO,Ingestão de álcool,Capotamento,Com Vítimas Fatais ,Plena noite,Ceu Claro,Simples ,Rural ,Caminhonete,Ferido Leve ,25.0,Masculino
750633,11/06/2010,RN,304,CAICARA DO RIO DO VENTO,Outras,Colisão traseira,Com Vítimas Fatais ,Anoitecer,Ceu Claro,Simples ,Urbano,Motocicletas,Morto       ,39.0,Masculino
750633,11/06/2010,RN,304,CAICARA DO RIO DO VENTO,Outras,Colisão traseira,Com Vítimas Fatais ,Anoitecer,Ceu Claro,Simples ,Urbano,Não identificado,Ignorado    ,-1.0,Inválido
750633,11/06/2010,RN,304,CAICARA DO RIO DO VENTO,Outras,Colisão traseira,Com Vítimas Fatais ,Anoitecer,Ceu Claro,Simples ,Urbano,Motocicletas,Ferido Grave,28.0,Masculino
750659,16/08/2010,RN,101,NATAL,Não guardar distância de segurança,Colisão traseira,Sem Vítimas        ,Pleno dia,Ceu Claro,Múltipla,Urbano,Automóvel,Ileso       ,32.0,Feminino
750659,16/08/2010,RN,101,NATAL,Não guardar distância de segurança,Colisão traseira,Sem Vítimas        ,Pleno dia,Ceu Claro,Múltipla,Urbano,Automóvel,Ileso       ,55.0,Feminino
750659,16/08/2010,RN,101,NATAL,Não guardar distância de segurança,Colisão traseira,Sem Vítimas        ,Pleno dia,Ceu Claro,Múltipla,Urbano,Automóvel,Ileso       ,24.0,Masculino
750764,16/08/2010,RN,427,CAICO,Ingestão de álcool,Capotamento,Com Vítimas Feridas,Pleno dia,Ceu Claro,Simples ,Rural ,Automóvel,Ileso       ,27.0,Masculino
750764,16/08/2010,RN,427,CAICO,Ingestão de álcool,Capotamento,Com Vítimas Feridas,Pleno dia,Ceu Claro,Simples ,Rural ,Automóvel,Ferido Leve ,29.0,Masculino
750800,16/08/2010,RN,101,SAO JOSE DE MIPIBU,Falta de atenção,Colisão Transversal,Com Vítimas Feridas,Pleno dia,Ceu Claro,Dupla   ,Rural ,Caminhonete,Ileso       ,38.0,Masculino
750800,16/08/2010,RN,101,SAO JOSE DE MIPIBU,Falta de atenção,Colisão Transversal,Com Vítimas Feridas,Pleno dia,Ceu Claro,Dupla   ,Rural ,Automóvel,Ferido Leve ,34.0,Masculino
750815,16/08/2010,RN,101,PARNAMIRIM,Outras,Colisão traseira,Sem Vítimas        ,Pleno dia,Ceu Claro,Dupla   ,Urbano,Automóvel,Ileso       ,5.0,Feminino
750815,16/08/2010,RN,101,PARNAMIRIM,Outras,Colisão traseira,Sem Vítimas        ,Pleno dia,Ceu Claro,Dupla   ,Urbano,Automóvel,Ileso       ,27.0,Masculino
750815,16/08/2010,RN,101,PARNAMIRIM,Outras,Colisão traseira,Sem Vítimas        ,Pleno dia,Ceu Claro,Dupla   ,Urbano,Automóvel,Ileso       ,29.0,Masculino
750833,16/08/2010,RN,101,PARNAMIRIM,Outras,Colisão traseira,Sem Vítimas        ,Pleno dia,Ceu Claro,Dupla   ,Urbano,Ônibus,Ileso       ,28.0,Masculino
750833,16/08/2010,RN,101,PARNAMIRIM,Outras,Colisão traseira,Sem Vítimas        ,Pleno dia,Ceu Claro,Dupla   ,Urbano,Motocicletas,Ileso       ,-1.0,Masculino
750871,16/08/2010,RN,101,NATAL,Outras,Colisão lateral,Sem Vítimas        ,Plena noite,Ceu Claro,Dupla   ,Urbano,Caminhão-Trator,Ileso       ,44.0,Masculino
750871,16/08/2010,RN,101,NATAL,Outras,Colisão lateral,Sem Vítimas        ,Plena noite,Ceu Claro,Dupla   ,Urbano,Automóvel,Ileso       ,42.0,Feminino
750884,16/08/2010,RN,110,MOSSORO,Falta de atenção,Colisão traseira,Sem Vítimas        ,Pleno dia,Ceu Claro,Simples ,Urbano,Motoneta,Ileso       ,48.0,Masculino
750884,16/08/2010,RN,110,MOSSORO,Falta de atenção,Colisão traseira,Sem Vítimas        ,Pleno dia,Ceu Claro,Simples ,Urbano,Automóvel,Ileso       ,36.0,Masculino
750891,16/08/2010,RN,101,NATAL,Não guardar distância de segurança,Colisão traseira,Sem Vítimas        ,Pleno dia,Ceu Claro,Dupla   ,Urbano,Automóvel,Ileso       ,31.0,Masculino
750891,16/08/2010,RN,101,NATAL,Não guardar distância de segurança,Colisão traseira,Sem Vítimas        ,Pleno dia,Ceu Claro,Dupla   ,Urbano,Automóvel,Ileso       ,21.0,Feminino
750900,08/08/2010,RN,406,JOAO CAMARA,Falta de atenção,Colisão lateral,Com Vítimas Feridas,Pleno dia,Ignorada,Simples ,Urbano,Automóvel,Ignorado    ,30.0,Masculino
750900,08/08/2010,RN,406,JOAO CAMARA,Falta de atenção,Colisão lateral,Com Vítimas Feridas,Pleno dia,Ignorada,Simples ,Urbano,Motocicletas,Ferido Grave,49.0,Masculino
750912,16/08/2010,RN,405,APODI,Outras,Colisão Transversal,Sem Vítimas        ,Pleno dia,Ceu Claro,Simples ,Rural ,Automóvel,Ileso       ,34.0,Masculino
750912,16/08/2010,RN,405,APODI,Outras,Colisão Transversal,Sem Vítimas        ,Pleno dia,Ceu Claro,Simples ,Rural ,Automóvel,Ileso       ,22.0,Masculino
750956,16/08/2010,RN,101,GOIANINHA,Falta de atenção,Colisão traseira,Com Vítimas Feridas,Pleno dia,Ceu Claro,Simples ,Urbano,Automóvel,Ileso       ,27.0,Masculino
750956,16/08/2010,RN,101,GOIANINHA,Falta de atenção,Colisão traseira,Com Vítimas Feridas,Pleno dia,Ceu Claro,Simples ,Urbano,Ônibus,Ileso       ,58.0,Masculino
750956,16/08/2010,RN,101,GOIANINHA,Falta de atenção,Colisão traseira,Com Vítimas Feridas,Pleno dia,Ceu Claro,Simples ,Urbano,Automóvel,Ileso       ,41.0,Masculino
750956,16/08/2010,RN,101,GOIANINHA,Falta de atenção,Colisão traseira,Com Vítimas Feridas,Pleno dia,Ceu Claro,Simples ,Urbano,Caminhão-Trator,Ileso       ,29.0,Masculino
750956,16/08/2010,RN,101,GOIANINHA,Falta de atenção,Colisão traseira,Com Vítimas Feridas,Pleno dia,Ceu Claro,Simples ,Urbano,Automóvel,Ferido Leve ,26.0,Feminino
750963,16/08/2010,RN,226,LAJES PINTADAS,Velocidade incompatível,Capotamento,Com Vítimas Feridas,Pleno dia,Ceu Claro,Simples ,Rural ,Automóvel,Ferido Grave,45.0,Masculino
750982,13/08/2010,RN,226,NATAL,Outras,Colisão Transversal,Sem Vítimas        ,Plena noite,Ceu Claro,Simples ,Urbano,Ônibus,Ileso       ,24.0,Masculino
750982,13/08/2010,RN,226,NATAL,Outras,Colisão Transversal,Sem Vítimas        ,Plena noite,Ceu Claro,Simples ,Urbano,Automóvel,Ignorado    ,-1.0,Inválido
751043,09/08/2010,RN,427,JARDIM DO SERIDO,Outras,Colisão frontal,Com Vítimas Feridas,Pleno dia,Ceu Claro,Simples ,Urbano,Motocicletas,Ferido Leve ,16.0,Masculino
751043,09/08/2010,RN,427,JARDIM DO SERIDO,Outras,Colisão frontal,Com Vítimas Feridas,Pleno dia,Ceu Claro,Simples ,Urbano,Ônibus,Ileso       ,43.0,Masculino
751062,14/08/2010,RN,304,RIACHUELO,Não guardar distância de segurança,Colisão traseira,Sem Vítimas        ,Pleno dia,Ceu Claro,Simples ,Urbano,Camioneta,Ileso       ,36.0,Feminino
751062,14/08/2010,RN,304,RIACHUELO,Não guardar distância de segurança,Colisão traseira,Sem Vítimas        ,Pleno dia,Ceu Claro,Simples ,Urbano,Caminhonete,Ileso       ,48.0,Masculino
751290,13/08/2010,RN,101,NATAL,Desobediência à sinalização,Colisão Transversal,Com Vítimas Feridas,Pleno dia,Ceu Claro,Dupla   ,Rural ,Motocicletas,Ferido Leve ,27.0,Masculino
751290,13/08/2010,RN,101,NATAL,Desobediência à sinalização,Colisão Transversal,Com Vítimas Feridas,Pleno dia,Ceu Claro,Dupla   ,Rural ,Automóvel,Ileso       ,40.0,Masculino
751393,17/08/2010,RN,304,MACAIBA,Outras,Colisão lateral,Com Vítimas Feridas,Plena noite,Ceu Claro,Simples ,Rural ,Motocicletas,Ferido Leve ,42.0,Masculino
751393,17/08/2010,RN,304,MACAIBA,Outras,Colisão lateral,Com Vítimas Feridas,Plena noite,Ceu Claro,Simples ,Rural ,Motocicletas,Ferido Leve ,36.0,Masculino
751393,17/08/2010,RN,304,MACAIBA,Outras,Colisão lateral,Com Vítimas Feridas,Plena noite,Ceu Claro,Simples ,Rural ,Motocicletas,Ferido Leve ,23.0,Masculino
751417,13/08/2010,RN,101,GOIANINHA,Não guardar distância de segurança,Colisão traseira,Sem Vítimas        ,Pleno dia,Chuva,Simples ,Rural ,Caminhonete,Ileso       ,46.0,Masculino
751417,13/08/2010,RN,101,GOIANINHA,Não guardar distância de segurança,Colisão traseira,Sem Vítimas        ,Pleno dia,Chuva,Simples ,Rural ,Caminhão,Ileso       ,22.0,Masculino
751417,13/08/2010,RN,101,GOIANINHA,Não guardar distância de segurança,Colisão traseira,Sem Vítimas        ,Pleno dia,Chuva,Simples ,Rural ,Automóvel,Ileso       ,38.0,Masculino
751519,16/08/2010,RN,110,MOSSORO,Desobediência à sinalização,Colisão Transversal,Com Vítimas Feridas,Pleno dia,Ceu Claro,Dupla   ,Urbano,Ciclomotor,Ferido Grave,46.0,Masculino
751519,16/08/2010,RN,110,MOSSORO,Desobediência à sinalização,Colisão Transversal,Com Vítimas Feridas,Pleno dia,Ceu Claro,Dupla   ,Urbano,Automóvel,Ileso       ,35.0,Masculino
751519,16/08/2010,RN,110,MOSSORO,Desobediência à sinalização,Colisão Transversal,Com Vítimas Feridas,Pleno dia,Ceu Claro,Dupla   ,Urbano,Motoneta,Ileso       ,19.0,Feminino
751536,18/08/2010,RN,110,MOSSORO,Falta de atenção,Colisão Transversal,Com Vítimas Feridas,Amanhecer,Ceu Claro,Dupla   ,Urbano,Motocicletas,Ferido Leve ,38.0,Masculino
751536,18/08/2010,RN,110,MOSSORO,Falta de atenção,Colisão Transversal,Com Vítimas Feridas,Amanhecer,Ceu Claro,Dupla   ,Urbano,Motocicletas,Ferido Leve ,56.0,Masculino
751577,25/06/2010,RN,101,NATAL,Desobediência à sinalização,Colisão Transversal,Com Vítimas Feridas,Pleno dia,Ceu Claro,Dupla   ,Rural ,Motocicletas,Ferido Leve ,22.0,Masculino
751577,25/06/2010,RN,101,NATAL,Desobediência à sinalização,Colisão Transversal,Com Vítimas Feridas,Pleno dia,Ceu Claro,Dupla   ,Rural ,Motocicletas,Ferido Leve ,19.0,Masculino
751577,25/06/2010,RN,101,NATAL,Desobediência à sinalização,Colisão Transversal,Com Vítimas Feridas,Pleno dia,Ceu Claro,Dupla   ,Rural ,Automóvel,Ileso       ,51.0,Masculino
751584,27/06/2010,RN,110,MOSSORO,Falta de atenção,Colisão traseira,Sem Vítimas        ,Pleno dia,Sol,Simples ,Urbano,Automóvel,Ileso       ,-1.0,Masculino
751584,27/06/2010,RN,110,MOSSORO,Falta de atenção,Colisão traseira,Sem Vítimas        ,Pleno dia,Sol,Simples ,Urbano,Automóvel,Ileso       ,-1.0,Masculino
751637,02/08/2010,RN,304,MOSSORO,Ultrapassagem indevida,Saída de Pista,Sem Vítimas        ,Amanhecer,Vento,Simples ,Rural ,Automóvel,Ileso       ,34.0,Masculino
751637,02/08/2010,RN,304,MOSSORO,Ultrapassagem indevida,Saída de Pista,Sem Vítimas        ,Amanhecer,Vento,Simples ,Rural ,Não identificado,Ignorado    ,-1.0,Inválido
751652,18/08/2010,RN,101,PARNAMIRIM,Não guardar distância de segurança,Colisão traseira,Com Vítimas Fatais ,Pleno dia,Ceu Claro,Dupla   ,Urbano,Motocicletas,Morto       ,21.0,Masculino
751652,18/08/2010,RN,101,PARNAMIRIM,Não guardar distância de segurança,Colisão traseira,Com Vítimas Fatais ,Pleno dia,Ceu Claro,Dupla   ,Urbano,Caminhonete,Ileso       ,28.0,Feminino
751652,18/08/2010,RN,101,PARNAMIRIM,Não guardar distância de segurança,Colisão traseira,Com Vítimas Fatais ,Pleno dia,Ceu Claro,Dupla   ,Urbano,Caminhão,Ignorado    ,-1.0,Inválido
751740,18/08/2010,RN,101,SAO JOSE DE MIPIBU,Não guardar distância de segurança,Colisão traseira,Sem Vítimas        ,Pleno dia,Ceu Claro,Dupla   ,Urbano,Caminhão,Ileso       ,36.0,Masculino
751740,18/08/2010,RN,101,SAO JOSE DE MIPIBU,Não guardar distância de segurança,Colisão traseira,Sem Vítimas        ,Pleno dia,Ceu Claro,Dupla   ,Urbano,Caminhonete,Ileso       ,32.0,Masculino
751740,18/08/2010,RN,101,SAO JOSE DE MIPIBU,Não guardar distância de segurança,Colisão traseira,Sem Vítimas        ,Pleno dia,Ceu Claro,Dupla   ,Urbano,Caminhão,Ileso       ,47.0,Masculino
751758,14/08/2010,RN,101,NATAL,Falta de atenção,Queda de motocicleta / bicicleta / veículo,Com Vítimas Feridas,Pleno dia,Ceu Claro,Múltipla,Urbano,Motoneta,Ferido Leve ,23.0,Masculino
751758,14/08/2010,RN,101,NATAL,Falta de atenção,Queda de motocicleta / bicicleta / veículo,Com Vítimas Feridas,Pleno dia,Ceu Claro,Múltipla,Urbano,Ônibus,Ileso       ,45.0,Masculino
751780,14/08/2010,RN,101,PARNAMIRIM,Desobediência à sinalização,Colisão Transversal,Com Vítimas Feridas,Plena noite,Ceu Claro,Múltipla,Urbano,Automóvel,Ferido Leve ,31.0,Masculino
751780,14/08/2010,RN,101,PARNAMIRIM,Desobediência à sinalização,Colisão Transversal,Com Vítimas Feridas,Plena noite,Ceu Claro,Múltipla,Urbano,Automóvel,Ferido Leve ,35.0,Feminino
751780,14/08/2010,RN,101,PARNAMIRIM,Desobediência à sinalização,Colisão Transversal,Com Vítimas Feridas,Plena noite,Ceu Claro,Múltipla,Urbano,Motocicletas,Ferido Grave,27.0,Feminino
751780,14/08/2010,RN,101,PARNAMIRIM,Desobediência à sinalização,Colisão Transversal,Com Vítimas Feridas,Plena noite,Ceu Claro,Múltipla,Urbano,Motocicletas,Ferido Grave,36.0,Masculino
751823,18/08/2010,RN,101,PARNAMIRIM,Falta de atenção,Colisão traseira,Sem Vítimas        ,Pleno dia,Sol,Múltipla,Urbano,Automóvel,Ileso       ,36.0,Masculino
751823,18/08/2010,RN,101,PARNAMIRIM,Falta de atenção,Colisão traseira,Sem Vítimas        ,Pleno dia,Sol,Múltipla,Urbano,Automóvel,Ileso       ,30.0,Masculino
752028,15/08/2010,RN,101,PARNAMIRIM,Desobediência à sinalização,Colisão Transversal,Com Vítimas Feridas,Plena noite,Ceu Claro,Múltipla,Urbano,Motocicletas,Ferido Grave,55.0,Masculino
752028,15/08/2010,RN,101,PARNAMIRIM,Desobediência à sinalização,Colisão Transversal,Com Vítimas Feridas,Plena noite,Ceu Claro,Múltipla,Urbano,Automóvel,Ileso       ,47.0,Masculino
752070,07/08/2010,RN,101,CEARA-MIRIM,Ultrapassagem indevida,Colisão com objeto fixo,Sem Vítimas        ,Pleno dia,Ceu Claro,Simples ,Rural ,Caminhão,Ileso       ,41.0,Masculino
752070,07/08/2010,RN,101,CEARA-MIRIM,Ultrapassagem indevida,Colisão com objeto fixo,Sem Vítimas        ,Pleno dia,Ceu Claro,Simples ,Rural ,Automóvel,Ileso       ,-1.0,Inválido
752143,19/08/2010,RN,427,JARDIM DO SERIDO,Defeito na via,Capotamento,Sem Vítimas        ,Pleno dia,Sol,Simples ,Rural ,Automóvel,Ileso       ,43.0,Masculino
752160,09/08/2010,RN,101,SAO GONCALO DO AMARANTE,Falta de atenção,Colisão Transversal,Sem Vítimas        ,Pleno dia,Ceu Claro,Simples ,Rural ,Automóvel,Ileso       ,38.0,Masculino
752160,09/08/2010,RN,101,SAO GONCALO DO AMARANTE,Falta de atenção,Colisão Transversal,Sem Vítimas        ,Pleno dia,Ceu Claro,Simples ,Rural ,Automóvel,Ileso       ,28.0,Feminino
752167,02/08/2010,RN,304,MACAIBA,Falta de atenção,Colisão traseira,Com Vítimas Feridas,Plena noite,Chuva,Simples ,Urbano,Motocicletas,Ferido Grave,20.0,Masculino
752167,02/08/2010,RN,304,MACAIBA,Falta de atenção,Colisão traseira,Com Vítimas Feridas,Plena noite,Chuva,Simples ,Urbano,Motocicletas,Ferido Grave,37.0,Masculino
752167,02/08/2010,RN,304,MACAIBA,Falta de atenção,Colisão traseira,Com Vítimas Feridas,Plena noite,Chuva,Simples ,Urbano,Caminhonete,Ileso       ,34.0,Masculino
752171,02/08/2010,RN,101,NATAL,Não guardar distância de segurança,Colisão traseira,Sem Vítimas        ,Pleno dia,Nublado,Dupla   ,Urbano,Automóvel,Ileso       ,44.0,Feminino
752171,02/08/2010,RN,101,NATAL,Não guardar distância de segurança,Colisão traseira,Sem Vítimas        ,Pleno dia,Nublado,Dupla   ,Urbano,Automóvel,Ileso       ,46.0,Feminino
752327,19/08/2010,RN,427,ACARI,Outras,Atropelamento de pessoa,Com Vítimas Fatais ,Plena noite,Ceu Claro,Dupla   ,Urbano,(null),Morto       ,30.0,Masculino
752327,19/08/2010,RN,427,ACARI,Outras,Atropelamento de pessoa,Com Vítimas Fatais ,Plena noite,Ceu Claro,Dupla   ,Urbano,Caminhão,Ileso       ,33.0,Masculino
752354,23/05/2010,RN,406,CEARA-MIRIM,Outras,Colisão traseira,Com Vítimas Feridas,Plena noite,Ceu Claro,Simples ,Rural ,Motoneta,Ferido Grave,27.0,Masculino
752354,23/05/2010,RN,406,CEARA-MIRIM,Outras,Colisão traseira,Com Vítimas Feridas,Plena noite,Ceu Claro,Simples ,Rural ,Não identificado,Ignorado    ,-1.0,Inválido
752365,13/08/2010,RN,406,SAO GONCALO DO AMARANTE,Não guardar distância de segurança,Colisão traseira,Com Vítimas Feridas,Pleno dia,Ceu Claro,Simples ,Rural ,Caminhão,Ileso       ,33.0,Masculino
752365,13/08/2010,RN,406,SAO GONCALO DO AMARANTE,Não guardar distância de segurança,Colisão traseira,Com Vítimas Feridas,Pleno dia,Ceu Claro,Simples ,Rural ,Motocicletas,Ferido Leve ,28.0,Masculino
752365,13/08/2010,RN,406,SAO GONCALO DO AMARANTE,Não guardar distância de segurança,Colisão traseira,Com Vítimas Feridas,Pleno dia,Ceu Claro,Simples ,Rural ,Motocicletas,Ferido Grave,-1.0,Masculino
752467,19/08/2010,RN,304,MOSSORO,Falta de atenção,Colisão com objeto fixo,Sem Vítimas        ,Pleno dia,Sol,Simples ,Urbano,Caminhão,Ileso       ,30.0,Masculino