id,data_inversa,uf,br,municipio,causa_acidente,tipo_acidente,classificacao_acidente,fase_dia,condicao_metereologica,tipo_pista,uso_solo,tipo_veiculo,estado_fisico,idade,sexo
757100,19/08/2010,RN,101,PARNAMIRIM,Desobediência à sinalização,Colisão Transversal,Sem Vítimas        ,Plena noite,Ceu Claro,Dupla   ,Urbano,Automóvel,Ignorado    ,29.0,Masculino
757100,19/08/2010,RN,101,PARNAMIRIM,Desobediência à sinalização,Colisão Transversal,Sem Vítimas        ,Plena noite,Ceu Claro,Dupla   ,Urbano,Caminhão,Ileso       ,31.0,Masculino
757168,26/08/2010,RN,304,MOSSORO,Não guardar distância de segurança,Colisão lateral,Sem Vítimas        ,Pleno dia,Ceu Claro,Simples ,Urbano,Caminhão,Ileso       ,38.0,Masculino
757168,26/08/2010,RN,304,MOSSORO,Não guardar distância de segurança,Colisão lateral,Sem Vítimas        ,Pleno dia,Ceu Claro,Simples ,Urbano,Automóvel,Ileso       ,28.0,Masculino
757184,22/08/2010,RN,101,GOIANINHA,Falta de atenção,Colisão frontal,Com Vítimas Feridas,Plena noite,Nublado,Simples ,Urbano,Caminhonete,Ileso       ,30.0,Masculino
757184,22/08/2010,RN,101,GOIANINHA,Falta de atenção,Colisão frontal,Com Vítimas Feridas,Plena noite,Nublado,Simples ,Urbano,Motocicletas,Ferido Leve ,32.0,Masculino
757184,22/08/2010,RN,101,GOIANINHA,Falta de atenção,Colisão frontal,Com Vítimas Feridas,Plena noite,Nublado,Simples ,Urbano,Motocicletas,Ferido Grave,15.0,Feminino
757195,26/08/2010,RN,101,PARNAMIRIM,Outras,Colisão Transversal,Com Vítimas Feridas,Pleno dia,Ceu Claro,Dupla   ,Urbano,Automóvel,Ileso       ,39.0,Masculino
757195,26/08/2010,RN,101,PARNAMIRIM,Outras,Colisão Transversal,Com Vítimas Feridas,Pleno dia,Ceu Claro,Dupla   ,Urbano,Motocicletas,Ferido Leve ,45.0,Masculino
757227,26/08/2010,RN,304,MOSSORO,Animais na Pista,Atropelamento de animal,Sem Vítimas        ,Pleno dia,Sol,Simples ,Urbano,Automóvel,Ileso       ,55.0,Feminino
757433,26/08/2010,RN,226,CURRAIS NOVOS,Animais na Pista,Atropelamento de animal,Sem Vítimas        ,Plena noite,Ceu Claro,Simples ,Rural ,Caminhonete,Ileso       ,48.0,Masculino
757433,26/08/2010,RN,226,CURRAIS NOVOS,Animais na Pista,Atropelamento de animal,Sem Vítimas        ,Plena noite,Ceu Claro,Simples ,Rural ,Camioneta,Ileso       ,36.0,Masculino
757433,26/08/2010,RN,226,CURRAIS NOVOS,Animais na Pista,Atropelamento de animal,Sem Vítimas        ,Plena noite,Ceu Claro,Simples ,Rural ,Motocicletas,Ignorado    ,-1.0,Masculino
757446,26/08/2010,RN,110,MOSSORO,Falta de atenção,Colisão frontal,Com Vítimas Feridas,Plena noite,Ceu Claro,Simples ,Urbano,Motocicletas,Ferido Leve ,34.0,Masculino
757446,26/08/2010,RN,110,MOSSORO,Falta de atenção,Colisão frontal,Com Vítimas Feridas,Plena noite,Ceu Claro,Simples ,Urbano,Motocicletas,Ferido Grave,-1.0,Masculino
757554,26/08/2010,RN,101,PARNAMIRIM,Desobediência à sinalização,Colisão Transversal,Com Vítimas Feridas,Pleno dia,Sol,Dupla   ,Urbano,Automóvel,Ileso       ,24.0,Masculino
757554,26/08/2010,RN,101,PARNAMIRIM,Desobediência à sinalização,Colisão Transversal,Com Vítimas Feridas,Pleno dia,Sol,Dupla   ,Urbano,Automóvel,Ferido Leve ,48.0,Masculino
757554,26/08/2010,RN,101,PARNAMIRIM,Desobediência à sinalização,Colisão Transversal,Com Vítimas Feridas,Pleno dia,Sol,Dupla   ,Urbano,Automóvel,Ferido Leve ,-1.0,Masculino
757631,26/08/2010,RN,110,MOSSORO,Desobediência à sinalização,Colisão Transversal,Sem Vítimas        ,Plena noite,Ceu Claro,Simples ,Urbano,Motoneta,Ileso       ,20.0,Feminino
757631,26/08/2010,RN,110,MOSSORO,Desobediência à sinalização,Colisão Transversal,Sem Vítimas        ,Plena noite,Ceu Claro,Simples ,Urbano,Automóvel,Ileso       ,-1.0,Inválido
757638,26/08/2010,RN,226,SAO VICENTE,Outras,Atropelamento de pessoa,Com Vítimas Feridas,Pleno dia,Ceu Claro,Simples ,Rural ,Automóvel,Ileso       ,33.0,Masculino
757638,26/08/2010,RN,226,SAO VICENTE,Outras,Atropelamento de pessoa,Com Vítimas Feridas,Pleno dia,Ceu Claro,Simples ,Rural ,(null),Ferido Grave,-1.0,Masculino
757648,26/08/2010,RN,101,NATAL,Falta de atenção,Colisão traseira,Sem Vítimas        ,Plena noite,Ceu Claro,Múltipla,Urbano,Automóvel,Ileso       ,43.0,Feminino
757648,26/08/2010,RN,101,NATAL,Falta de atenção,Colisão traseira,Sem Vítimas        ,Plena noite,Ceu Claro,Múltipla,Urbano,Automóvel,Ileso       ,53.0,Masculino
757648,26/08/2010,RN,101,NATAL,Falta de atenção,Colisão traseira,Sem Vítimas        ,Plena noite,Ceu Claro,Múltipla,Urbano,Automóvel,Ileso       ,24.0,Feminino
757658,26/08/2010,RN,427,CAICO,Defeito na via,Saída de Pista,Sem Vítimas        ,Pleno dia,Ceu Claro,Simples ,Rural ,Automóvel,Ileso       ,26.0,Feminino
757711,22/08/2010,RN,101,SAO GONCALO DO AMARANTE,Não guardar distância de segurança,Colisão traseira,Sem Vítimas        ,Plena noite,Ceu Claro,Dupla   ,Urbano,Automóvel,Ileso       ,50.0,Feminino
757711,22/08/2010,RN,101,SAO GONCALO DO AMARANTE,Não guardar distância de segurança,Colisão traseira,Sem Vítimas        ,Plena noite,Ceu Claro,Dupla   ,Urbano,Automóvel,Ileso       ,42.0,Masculino
757711,22/08/2010,RN,101,SAO GONCALO DO AMARANTE,Não guardar distância de segurança,Colisão traseira,Sem Vítimas        ,Plena noite,Ceu Claro,Dupla   ,Urbano,Automóvel,Ileso       ,31.0,Masculino
757825,27/08/2010,RN,101,NATAL,Velocidade incompatível,Colisão traseira,Sem Vítimas        ,Pleno dia,Chuva,Dupla   ,Urbano,Automóvel,Ileso       ,20.0,Masculino
757825,27/08/2010,RN,101,NATAL,Velocidade incompatível,Colisão traseira,Sem Vítimas        ,Pleno dia,Chuva,Dupla   ,Urbano,Automóvel,Ileso       ,39.0,Masculino
757825,27/08/2010,RN,101,NATAL,Velocidade incompatível,Colisão traseira,Sem Vítimas        ,Pleno dia,Chuva,Dupla   ,Urbano,Automóvel,Ignorado    ,-1.0,Masculino
757840,25/08/2010,RN,304,ASSU,Outras,Colisão lateral,Sem Vítimas        ,Plena noite,Sol,Simples ,Rural ,Caminhão-Trator,Ileso       ,26.0,Masculino
757840,25/08/2010,RN,304,ASSU,Outras,Colisão lateral,Sem Vítimas        ,Plena noite,Sol,Simples ,Rural ,Caminhão-Trator,Ileso       ,28.0,Masculino
757840,25/08/2010,RN,304,ASSU,Outras,Colisão lateral,Sem Vítimas        ,Plena noite,Sol,Simples ,Rural ,Caminhão-Trator,Ileso       ,35.0,Masculino
757977,25/08/2010,RN,304,LAJES,Animais na Pista,Atropelamento de animal,Sem Vítimas        ,Plena noite,Vento,Simples ,Rural ,Automóvel,Ileso       ,41.0,Masculino
758082,27/08/2010,RN,304,ITAJA,Outras,Colisão Transversal,Com Vítimas Feridas,Pleno dia,Sol,Simples ,Urbano,Automóvel,Ileso       ,34.0,Masculino
758082,27/08/2010,RN,304,ITAJA,Outras,Colisão Transversal,Com Vítimas Feridas,Pleno dia,Sol,Simples ,Urbano,Motocicletas,Ferido Grave,28.0,Masculino
758139,27/08/2010,RN,427,CAICO,Outras,Atropelamento de pessoa,Com Vítimas Feridas,Anoitecer,Ceu Claro,Simples ,Urbano,(null),Ferido Grave,60.0,Masculino
758139,27/08/2010,RN,427,CAICO,Outras,Atropelamento de pessoa,Com Vítimas Feridas,Anoitecer,Ceu Claro,Simples ,Urbano,Automóvel,Ignorado    ,-1.0,Masculino
758174,27/08/2010,RN,101,PARNAMIRIM,Falta de atenção,Colisão lateral,Sem Vítimas        ,Plena noite,Ceu Claro,Dupla   ,Urbano,Ônibus,Ileso       ,32.0,Masculino
758174,27/08/2010,RN,101,PARNAMIRIM,Falta de atenção,Colisão lateral,Sem Vítimas        ,Plena noite,Ceu Claro,Dupla   ,Urbano,Automóvel,Ileso       ,30.0,Masculino
758196,23/08/2010,RN,101,NATAL,Falta de atenção,Colisão lateral,Sem Vítimas        ,Plena noite,Ceu Claro,Dupla   ,Urbano,Ônibus,Ileso       ,32.0,Masculino
758196,23/08/2010,RN,101,NATAL,Falta de atenção,Colisão lateral,Sem Vítimas        ,Plena noite,Ceu Claro,Dupla   ,Urbano,Automóvel,Ileso       ,30.0,Masculino
758339,28/08/2010,RN,101,SAO JOSE DE MIPIBU,Outras,Colisão traseira,Sem Vítimas        ,Pleno dia,Ceu Claro,Simples ,Urbano,Automóvel,Ileso       ,32.0,Masculino
758339,28/08/2010,RN,101,SAO JOSE DE MIPIBU,Outras,Colisão traseira,Sem Vítimas        ,Pleno dia,Ceu Claro,Simples ,Urbano,Caminhonete,Ileso       ,21.0,Masculino
758348,24/08/2010,RN,101,NATAL,Não guardar distância de segurança,Colisão traseira,Sem Vítimas        ,Pleno dia,Ceu Claro,Dupla   ,Urbano,Automóvel,Ileso       ,25.0,Masculino
758348,24/08/2010,RN,101,NATAL,Não guardar distância de segurança,Colisão traseira,Sem Vítimas        ,Pleno dia,Ceu Claro,Dupla   ,Urbano,Automóvel,Ileso       ,34.0,Feminino
758355,26/08/2010,RN,101,NATAL,Não guardar distância de segurança,Colisão traseira,Sem Vítimas        ,Pleno dia,Ceu Claro,Dupla   ,Urbano,Automóvel,Ileso       ,49.0,Masculino
758355,26/08/2010,RN,101,NATAL,Não guardar distância de segurança,Colisão traseira,Sem Vítimas        ,Pleno dia,Ceu Claro,Dupla   ,Urbano,Caminhão-Trator,Ileso       ,61.0,Masculino
758441,28/08/2010,RN,101,SAO GONCALO DO AMARANTE,Falta de atenção,Colisão traseira,Sem Vítimas        ,Pleno dia,Ceu Claro,Dupla   ,Urbano,Automóvel,Ileso       ,34.0,Masculino
758441,28/08/2010,RN,101,SAO GONCALO DO AMARANTE,Falta de atenção,Colisão traseira,Sem Vítimas        ,Pleno dia,Ceu Claro,Dupla   ,Urbano,Caminhão,Ileso       ,55.0,Masculino
758463,28/08/2010,RN,101,SAO GONCALO DO AMARANTE,Falta de atenção,Colisão lateral,Com Vítimas Feridas,Anoitecer,Ceu Claro,Dupla   ,Urbano,Motocicletas,Ferido Leve ,28.0,Masculino
758463,28/08/2010,RN,101,SAO GONCALO DO AMARANTE,Falta de atenção,Colisão lateral,Com Vítimas Feridas,Anoitecer,Ceu Claro,Dupla   ,Urbano,Automóvel,Ileso       ,41.0,Masculino
758463,28/08/2010,RN,101,SAO GONCALO DO AMARANTE,Falta de atenção,Colisão lateral,Com Vítimas Feridas,Anoitecer,Ceu Claro,Dupla   ,Urbano,Motocicletas,Ferido Leve ,27.0,Feminino
758532,28/08/2010,RN,405,APODI,Ingestão de álcool,Colisão traseira,Com Vítimas Feridas,Plena noite,Ceu Claro,Simples ,Urbano,Automóvel,Ileso       ,31.0,Masculino
758532,28/08/2010,RN,405,APODI,Ingestão de álcool,Colisão traseira,Com Vítimas Feridas,Plena noite,Ceu Claro,Simples ,Urbano,Motocicletas,Ferido Leve ,-1.0,Masculino
758611,29/08/2010,RN,110,MOSSORO,Ingestão de álcool,Colisão Transversal,Sem Vítimas        ,Plena noite,Ceu Claro,Simples ,Urbano,Automóvel,Ileso       ,28.0,Feminino
758611,29/08/2010,RN,110,MOSSORO,Ingestão de álcool,Colisão Transversal,Sem Vítimas        ,Plena noite,Ceu Claro,Simples ,Urbano,Automóvel,Ileso       ,31.0,Masculino
758611,29/08/2010,RN,110,MOSSORO,Ingestão de álcool,Colisão Transversal,Sem Vítimas        ,Plena noite,Ceu Claro,Simples ,Urbano,Automóvel,Ileso       ,42.0,Masculino
758832,29/08/2010,RN,101,SAO GONCALO DO AMARANTE,Outras,Queda de motocicleta / bicicleta / veículo,Com Vítimas Feridas,Pleno dia,Ceu Claro,Dupla   ,Urbano,Motocicletas,Ileso       ,49.0,Masculino
758832,29/08/2010,RN,101,SAO GONCALO DO AMARANTE,Outras,Queda de motocicleta / bicicleta / veículo,Com Vítimas Feridas,Pleno dia,Ceu Claro,Dupla   ,Urbano,Motocicletas,Ferido Leve ,-1.0,Feminino
758877,29/08/2010,RN,101,NATAL,Outras,Colisão lateral,Sem Vítimas        ,Pleno dia,Sol,Múltipla,Urbano,Camioneta,Ileso       ,48.0,Masculino
758877,29/08/2010,RN,101,NATAL,Outras,Colisão lateral,Sem Vítimas        ,Pleno dia,Sol,Múltipla,Urbano,Ônibus,Ileso       ,31.0,Masculino
758943,29/08/2010,RN,304,ASSU,Animais na Pista,Capotamento,Sem Vítimas        ,Anoitecer,Ceu Claro,Simples ,Rural ,Automóvel,Ileso       ,-1.0,Masculino
759062,29/08/2010,RN,101,PARNAMIRIM,Não guardar distância de segurança,Colisão traseira,Com Vítimas Feridas,Plena noite,Ceu Claro,Dupla   ,Urbano,Motocicletas,Ferido Leve ,24.0,Masculino
759062,29/08/2010,RN,101,PARNAMIRIM,Não guardar distância de segurança,Colisão traseira,Com Vítimas Feridas,Plena noite,Ceu Claro,Dupla   ,Urbano,Automóvel,Ignorado    ,-1.0,Inválido
759236,22/08/2010,RN,101,NATAL,Falta de atenção,Colisão traseira,Com Vítimas Feridas,Plena noite,Ceu Claro,Dupla   ,Urbano,Motoneta,Ferido Leve ,41.0,Masculino
759236,22/08/2010,RN,101,NATAL,Falta de atenção,Colisão traseira,Com Vítimas Feridas,Plena noite,Ceu Claro,Dupla   ,Urbano,Automóvel,Ileso       ,38.0,Masculino
759431,30/08/2010,RN,101,PARNAMIRIM,Não guardar distância de segurança,Colisão traseira,Sem Vítimas        ,Pleno dia,Ceu Claro,Dupla   ,Urbano,Automóvel,Ileso       ,32.0,Masculino
759431,30/08/2010,RN,101,PARNAMIRIM,Não guardar distância de segurança,Colisão traseira,Sem Vítimas        ,Pleno dia,Ceu Claro,Dupla   ,Urbano,Automóvel,Ileso       ,37.0,Masculino
759506,30/08/2010,RN,101,NATAL,Falta de atenção,Colisão traseira,Sem Vítimas        ,Plena noite,Ceu Claro,Simples ,Urbano,Automóvel,Ileso       ,32.0,Feminino
759506,30/08/2010,RN,101,NATAL,Falta de atenção,Colisão traseira,Sem Vítimas        ,Plena noite,Ceu Claro,Simples ,Urbano,Automóvel,Ileso       ,46.0,Masculino
759718,27/08/2010,RN,101,PARNAMIRIM,Falta de atenção,Colisão lateral,Sem Vítimas        ,Plena noite,Ceu Claro,Dupla   ,Urbano,Automóvel,Ileso       ,23.0,Masculino
759718,27/08/2010,RN,101,PARNAMIRIM,Falta de atenção,Colisão lateral,Sem Vítimas        ,Plena noite,Ceu Claro,Dupla   ,Urbano,Utilitário,Ignorado    ,-1.0,Inválido
759766,27/08/2010,RN,101,NATAL,Falta de atenção,Colisão lateral,Sem Vítimas        ,Pleno dia,Ceu Claro,Múltipla,Urbano,Automóvel,Ileso       ,25.0,Feminino
759766,27/08/2010,RN,101,NATAL,Falta de atenção,Colisão lateral,Sem Vítimas        ,Pleno dia,Ceu Claro,Múltipla,Urbano,Automóvel,Ileso       ,-1.0,Feminino
759832,31/08/2010,RN,101,SAO JOSE DE MIPIBU,Outras,Colisão com objeto móvel,Sem Vítimas        ,Pleno dia,Ceu Claro,Dupla   ,Rural ,Automóvel,Ileso       ,38.0,Masculino
759832,31/08/2010,RN,101,SAO JOSE DE MIPIBU,Outras,Colisão com objeto móvel,Sem Vítimas        ,Pleno dia,Ceu Claro,Dupla   ,Rural ,Caminhonete,Ileso       ,29.0,Masculino
759833,31/08/2010,RN,101,NATAL,Outras,Tombamento,Com Vítimas Feridas,Pleno dia,Sol,Dupla   ,Urbano,Motocicletas,Ferido Leve ,33.0,Masculino
759919,31/08/2010,RN,304,MOSSORO,Outras,Colisão traseira,Com Vítimas Feridas,Pleno dia,Sol,Simples ,Urbano,Ciclomotor,Ferido Leve ,28.0,Feminino
759919,31/08/2010,RN,304,MOSSORO,Outras,Colisão traseira,Com Vítimas Feridas,Pleno dia,Sol,Simples ,Urbano,Ciclomotor,Ferido Leve ,20.0,Feminino
759919,31/08/2010,RN,304,MOSSORO,Outras,Colisão traseira,Com Vítimas Feridas,Pleno dia,Sol,Simples ,Urbano,Bicicleta,Ignorado    ,-1.0,Inválido
759965,31/08/2010,RN,101,SAO GONCALO DO AMARANTE,Não guardar distância de segurança,Colisão traseira,Sem Vítimas        ,Plena noite,Ceu Claro,Dupla   ,Urbano,Caminhão,Ileso       ,33.0,Masculino
759965,31/08/2010,RN,101,SAO GONCALO DO AMARANTE,Não guardar distância de segurança,Colisão traseira,Sem Vítimas        ,Plena noite,Ceu Claro,Dupla   ,Urbano,Caminhonete,Ileso       ,41.0,Masculino
759965,31/08/2010,RN,101,SAO GONCALO DO AMARANTE,Não guardar distância de segurança,Colisão traseira,Sem Vítimas        ,Plena noite,Ceu Claro,Dupla   ,Urbano,Caminhonete,Ileso       ,25.0,Masculino
759997,31/08/2010,RN,101,NATAL,Outras,Colisão lateral,Com Vítimas Feridas,Plena noite,Ceu Claro,Múltipla,Urbano,Ônibus,Ileso       ,-1.0,Masculino
759997,31/08/2010,RN,101,NATAL,Outras,Colisão lateral,Com Vítimas Feridas,Plena noite,Ceu Claro,Múltipla,Urbano,Ciclomotor,Ferido Leve ,34.0,Masculino
760049,27/08/2010,RN,101,PARNAMIRIM,Falta de atenção,Colisão lateral,Sem Vítimas        ,Pleno dia,Ceu Claro,Dupla   ,Urbano,Caminhão,Ileso       ,32.0,Masculino
760049,27/08/2010,RN,101,PARNAMIRIM,Falta de atenção,Colisão lateral,Sem Vítimas        ,Pleno dia,Ceu Claro,Dupla   ,Urbano,Automóvel,Ileso       ,27.0,Feminino
760054,31/08/2010,RN,101,NATAL,Falta de atenção,Colisão Transversal,Sem Vítimas        ,Plena noite,Nublado,Simples ,Urbano,Motocicletas,Ileso       ,21.0,Masculino
760054,31/08/2010,RN,101,NATAL,Falta de atenção,Colisão Transversal,Sem Vítimas        ,Plena noite,Nublado,Simples ,Urbano,Ônibus,Ileso       ,32.0,Masculino
760092,31/08/2010,RN,101,NATAL,Ingestão de álcool,Colisão Transversal,Com Vítimas Feridas,Plena noite,Ceu Claro,Dupla   ,Urbano,Ônibus,Ileso       ,45.0,Masculino
760092,31/08/2010,RN,101,NATAL,Ingestão de álcool,Colisão Transversal,Com Vítimas Feridas,Plena noite,Ceu Claro,Dupla   ,Urbano,Motocicletas,Ferido Grave,34.0,Masculino
760092,31/08/2010,RN,101,NATAL,Ingestão de álcool,Colisão Transversal,Com Vítimas Feridas,Plena noite,Ceu Claro,Dupla   ,Urbano,Ônibus,Ileso       ,40.0,Masculino
760126,29/08/2010,RN,101,SAO JOSE DE MIPIBU,Falta de atenção,Colisão traseira,Sem Vítimas        ,Amanhecer,Nublado,Simples ,Urbano,Automóvel,Ileso       ,43.0,Masculino
760126,29/08/2010,RN,101,SAO JOSE DE MIPIBU,Falta de atenção,Colisão traseira,Sem Vítimas        ,Amanhecer,Nublado,Simples ,Urbano,Automóvel,Ileso       ,21.0,Masculino
760126,29/08/2010,RN,101,SAO JOSE DE MIPIBU,Falta de atenção,Colisão traseira,Sem Vítimas        ,Amanhecer,Nublado,Simples ,Urbano,Automóvel,Ignorado    ,-1.0,Inválido
760168,31/08/2010,RN,110,MOSSORO,Falta de atenção,Colisão traseira,Sem Vítimas        ,Plena noite,Ceu Claro,Simples ,Urbano,Automóvel,Ileso       ,44.0,Masculino
760168,31/08/2010,RN,110,MOSSORO,Falta de atenção,Colisão traseira,Sem Vítimas        ,Plena noite,Ceu Claro,Simples ,Urbano,Automóvel,Ileso       ,39.0,Masculino
760179,19/08/2010,RN,101,NATAL,Falta de atenção,Colisão traseira,Sem Vítimas        ,Pleno dia,Sol,Múltipla,Urbano,Automóvel,Ileso       ,44.0,Masculino
760179,19/08/2010,RN,101,NATAL,Falta de atenção,Colisão traseira,Sem Vítimas        ,Pleno dia,Sol,Múltipla,Urbano,Automóvel,Ileso       ,47.0,Masculino
760183,01/09/2010,RN,101,PARNAMIRIM,Defeito na via,Colisão com objeto fixo,Sem Vítimas        ,Pleno dia,Ceu Claro,Simples ,Urbano,Automóvel,Ileso       ,28.0,Feminino
760193,01/09/2010,RN,101,PARNAMIRIM,Defeito na via,Colisão com objeto fixo,Sem Vítimas        ,Pleno dia,Ceu Claro,Simples ,Urbano,Automóvel,Ileso       ,21.0,Masculino
760229,01/09/2010,RN,101,SAO JOSE DE MIPIBU,Outras,Colisão lateral,Sem Vítimas        ,Pleno dia,Ceu Claro,Simples ,Rural ,Automóvel,Ileso       ,37.0,Masculino
760229,01/09/2010,RN,101,SAO JOSE DE MIPIBU,Outras,Colisão lateral,Sem Vítimas        ,Pleno dia,Ceu Claro,Simples ,Rural ,Ônibus,Ileso       ,27.0,Masculino
760255,12/08/2010,RN,304,LAJES,Falta de atenção,Saída de Pista,Com Vítimas Feridas,Pleno dia,Ceu Claro,Simples ,Rural ,Automóvel,Ferido Grave,-1.0,Masculino
760255,12/08/2010,RN,304,LAJES,Falta de atenção,Saída de Pista,Com Vítimas Feridas,Pleno dia,Ceu Claro,Simples ,Rural ,Automóvel,Ferido Grave,45.0,Feminino
760255,12/08/2010,RN,304,LAJES,Falta de atenção,Saída de Pista,Com Vítimas Feridas,Pleno dia,Ceu Claro,Simples ,Rural ,Automóvel,Ferido Leve ,12.0,Masculino
760255,12/08/2010,RN,304,LAJES,Falta de atenção,Saída de Pista,Com Vítimas Feridas,Pleno dia,Ceu Claro,Simples ,Rural ,Automóvel,Ferido Leve ,11.0,Feminino
760347,01/09/2010,RN,101,PARNAMIRIM,Outras,Capotamento,Sem Vítimas        ,Pleno dia,Vento,Dupla   ,Urbano,Automóvel,Ileso       ,32.0,Masculino
760352,01/09/2010,RN,304,MOSSORO,Outras,Colisão frontal,Sem Vítimas        ,Pleno dia,Sol,Simples ,Rural ,Camioneta,Ileso       ,64.0,Masculino
760352,01/09/2010,RN,304,MOSSORO,Outras,Colisão frontal,Sem Vítimas        ,Pleno dia,Sol,Simples ,Rural ,Caminhonete,Ileso       ,23.0,Masculino
760390,01/09/2010,RN,101,NATAL,Outras,Colisão traseira,Sem Vítimas        ,Pleno dia,Ceu Claro,Dupla   ,Urbano,Automóvel,Ileso       ,32.0,Masculino
760390,01/09/2010,RN,101,NATAL,Outras,Colisão traseira,Sem Vítimas        ,Pleno dia,Ceu Claro,Dupla   ,Urbano,Automóvel,Ileso       ,29.0,Masculino
760463,01/09/2010,RN,101,NATAL,Defeito mecânico em veículo,Colisão traseira,Sem Vítimas        ,Pleno dia,Ceu Claro,Múltipla,Urbano,Ônibus,Ileso       ,57.0,Masculino
760463,01/09/2010,RN,101,NATAL,Defeito mecânico em veículo,Colisão traseira,Sem Vítimas        ,Pleno dia,Ceu Claro,Múltipla,Urbano,Automóvel,Ileso       ,59.0,Feminino
760478,01/09/2010,RN,101,NATAL,Outras,Colisão lateral,Sem Vítimas        ,Plena noite,Ceu Claro,Múltipla,Urbano,Ônibus,Ileso       ,35.0,Masculino
760478,01/09/2010,RN,101,NATAL,Outras,Colisão lateral,Sem Vítimas        ,Plena noite,Ceu Claro,Múltipla,Urbano,Automóvel,Ileso       ,18.0,Feminino
760525,01/09/2010,RN,101,ARES,Outras,Tombamento,Sem Vítimas        ,Plena noite,Chuva,Dupla   ,Rural ,Caminhão,Ileso       ,49.0,Masculino
760539,02/09/2010,RN,101,PARNAMIRIM,Ingestão de álcool,Colisão traseira,Com Vítimas Feridas,Plena noite,Chuva,Dupla   ,Urbano,Automóvel,Ileso       ,27.0,Masculino
760539,02/09/2010,RN,101,PARNAMIRIM,Ingestão de álcool,Colisão traseira,Com Vítimas Feridas,Plena noite,Chuva,Dupla   ,Urbano,Automóvel,Ignorado    ,-1.0,Inválido
760539,02/09/2010,RN,101,PARNAMIRIM,Ingestão de álcool,Colisão traseira,Com Vítimas Feridas,Plena noite,Chuva,Dupla   ,Urbano,Automóvel,Ferido Leve ,-1.0,Masculino
760539,02/09/2010,RN,101,PARNAMIRIM,Ingestão de álcool,Colisão traseira,Com Vítimas Feridas,Plena noite,Chuva,Dupla   ,Urbano,Automóvel,Ferido Leve ,22.0,Masculino
760560,28/08/2010,RN,101,PARNAMIRIM,Falta de atenção,Capotamento,Com Vítimas Feridas,Pleno dia,Sol,Dupla   ,Urbano,Automóvel,Ferido Leve ,20.0,Feminino
760564,01/09/2010,RN,101,NATAL,Outras,Colisão Transversal,Com Vítimas Feridas,Plena noite,Ceu Claro,Dupla   ,Urbano,Automóvel,Ferido Grave,46.0,Masculino
760564,01/09/2010,RN,101,NATAL,Outras,Colisão Transversal,Com Vítimas Feridas,Plena noite,Ceu Claro,Dupla   ,Urbano,Caminhão,Ileso       ,29.0,Masculino
760566,29/08/2010,RN,101,SAO JOSE DE MIPIBU,Ingestão de álcool,Colisão com objeto fixo,Sem Vítimas        ,Amanhecer,Nublado,Dupla   ,Rural ,Automóvel,Ileso       ,32.0,Masculino
760576,01/09/2010,RN,406,CEARA-MIRIM,Falta de atenção,Colisão lateral,Com Vítimas Feridas,Plena noite,Ceu Claro,Simples ,Rural ,Não identificado,Ignorado    ,-1.0,Inválido
760576,01/09/2010,RN,406,CEARA-MIRIM,Falta de atenção,Colisão lateral,Com Vítimas Feridas,Plena noite,Ceu Claro,Simples ,Rural ,Bicicleta,Ferido Grave,-1.0,Masculino
760590,02/09/2010,RN,304,MOSSORO,Animais na Pista,Atropelamento de animal,Sem Vítimas        ,Plena noite,Ceu Claro,Simples ,Rural ,Caminhonete,Ileso       ,21.0,Masculino
760652,21/08/2010,RN,101,NATAL,Falta de atenção,Colisão lateral,Sem Vítimas        ,Plena noite,Ceu Claro,Múltipla,Urbano,Ônibus,Ileso       ,32.0,Masculino
760652,21/08/2010,RN,101,NATAL,Falta de atenção,Colisão lateral,Sem Vítimas        ,Plena noite,Ceu Claro,Múltipla,Urbano,Automóvel,Ileso       ,36.0,Feminino
760671,14/08/2010,RN,101,GOIANINHA,Outras,Colisão com bicicleta,Com Vítimas Feridas,Plena noite,Nublado,Simples ,Urbano,Bicicleta,Ferido Grave,-1.0,Feminino
760671,14/08/2010,RN,101,GOIANINHA,Outras,Colisão com bicicleta,Com Vítimas Feridas,Plena noite,Nublado,Simples ,Urbano,Motocicletas,Ferido Leve ,29.0,Masculino
760671,14/08/2010,RN,101,GOIANINHA,Outras,Colisão com bicicleta,Com Vítimas Feridas,Plena noite,Nublado,Simples ,Urbano,Motocicletas,Ferido Leve ,27.0,Feminino
760687,29/08/2010,RN,101,NATAL,Falta de atenção,Colisão lateral,Sem Vítimas        ,Pleno dia,Ceu Claro,Simples ,Urbano,Caminhonete,Ileso       ,39.0,Masculino
760687,29/08/2010,RN,101,NATAL,Falta de atenção,Colisão lateral,Sem Vítimas        ,Pleno dia,Ceu Claro,Simples ,Urbano,Automóvel,Ileso       ,22.0,Feminino
760689,17/08/2010,RN,304,MOSSORO,Outras,Colisão com bicicleta,Com Vítimas Fatais ,Plena noite,Ceu Claro,Simples ,Rural ,Bicicleta,Morto       ,-1.0,Masculino