id,data_inversa,uf,br,municipio,causa_acidente,tipo_acidente,classificacao_acidente,fase_dia,condicao_metereologica,tipo_pista,uso_solo,tipo_veiculo,estado_fisico,idade,sexo
766635,13/09/2010,RN,101,SAO GONCALO DO AMARANTE,Ingestão de álcool,Colisão Transversal,Sem Vítimas        ,Plena noite,Ceu Claro,Dupla   ,Urbano,Automóvel,Ileso       ,20.0,Masculino
766635,13/09/2010,RN,101,SAO GONCALO DO AMARANTE,Ingestão de álcool,Colisão Transversal,Sem Vítimas        ,Plena noite,Ceu Claro,Dupla   ,Urbano,Camioneta,Ileso       ,33.0,Masculino
766649,08/09/2010,RN,101,CANGUARETAMA,Outras,Colisão Transversal,Com Vítimas Feridas,Pleno dia,Ceu Claro,Simples ,Urbano,Caminhonete,Ileso       ,43.0,Masculino
766649,08/09/2010,RN,101,CANGUARETAMA,Outras,Colisão Transversal,Com Vítimas Feridas,Pleno dia,Ceu Claro,Simples ,Urbano,Motocicletas,Ferido Leve ,23.0,Masculino
766830,13/09/2010,RN,101,PARNAMIRIM,Falta de atenção,Colisão traseira,Sem Vítimas        ,Pleno dia,Ceu Claro,Dupla   ,Urbano,Automóvel,Ileso       ,42.0,Masculino
766830,13/09/2010,RN,101,PARNAMIRIM,Falta de atenção,Colisão traseira,Sem Vítimas        ,Pleno dia,Ceu Claro,Dupla   ,Urbano,Automóvel,Ileso       ,34.0,Masculino
766879,03/09/2010,RN,226,MACAIBA,Outras,Colisão frontal,Com Vítimas Feridas,Plena noite,Ceu Claro,Simples ,Urbano,Motocicletas,Ferido Grave,20.0,Masculino
766879,03/09/2010,RN,226,MACAIBA,Outras,Colisão frontal,Com Vítimas Feridas,Plena noite,Ceu Claro,Simples ,Urbano,Automóvel,Ferido Leve ,29.0,Masculino
766890,13/09/2010,RN,304,MACAIBA,Não guardar distância de segurança,Colisão traseira,Sem Vítimas        ,Pleno dia,Ceu Claro,Simples ,Rural ,Caminhonete,Ileso       ,28.0,Feminino
766890,13/09/2010,RN,304,MACAIBA,Não guardar distância de segurança,Colisão traseira,Sem Vítimas        ,Pleno dia,Ceu Claro,Simples ,Rural ,Automóvel,Ileso       ,28.0,Masculino
766890,13/09/2010,RN,304,MACAIBA,Não guardar distância de segurança,Colisão traseira,Sem Vítimas        ,Pleno dia,Ceu Claro,Simples ,Rural ,Caminhonete,Ileso       ,43.0,Feminino
766903,13/09/2010,RN,101,PARNAMIRIM,Falta de atenção,Colisão traseira,Com Vítimas Feridas,Pleno dia,Ceu Claro,Dupla   ,Urbano,Ônibus,Ileso       ,36.0,Masculino
766903,13/09/2010,RN,101,PARNAMIRIM,Falta de atenção,Colisão traseira,Com Vítimas Feridas,Pleno dia,Ceu Claro,Dupla   ,Urbano,Motocicletas,Ferido Grave,22.0,Masculino
766930,09/09/2010,RN,101,PARNAMIRIM,Não guardar distância de segurança,Colisão lateral,Sem Vítimas        ,Anoitecer,Chuva,Dupla   ,Urbano,Ônibus,Ileso       ,28.0,Masculino
766930,09/09/2010,RN,101,PARNAMIRIM,Não guardar distância de segurança,Colisão lateral,Sem Vítimas        ,Anoitecer,Chuva,Dupla   ,Urbano,Motocicletas,Ileso       ,29.0,Masculino
766944,13/09/2010,RN,101,PARNAMIRIM,Falta de atenção,Colisão lateral,Sem Vítimas        ,Pleno dia,Ceu Claro,Dupla   ,Urbano,Caminhão,Ileso       ,60.0,Masculino
766944,13/09/2010,RN,101,PARNAMIRIM,Falta de atenção,Colisão lateral,Sem Vítimas        ,Pleno dia,Ceu Claro,Dupla   ,Urbano,Caminhonete,Ileso       ,56.0,Masculino
766979,13/09/2010,RN,427,CAICO,Falta de atenção,Colisão traseira,Sem Vítimas        ,Pleno dia,Ceu Claro,Simples ,Urbano,Automóvel,Ileso       ,27.0,Masculino
766979,13/09/2010,RN,427,CAICO,Falta de atenção,Colisão traseira,Sem Vítimas        ,Pleno dia,Ceu Claro,Simples ,Urbano,Motocicletas,Ileso       ,29.0,Masculino
766995,13/09/2010,RN,101,PARNAMIRIM,Falta de atenção,Colisão traseira,Sem Vítimas        ,Pleno dia,Ceu Claro,Dupla   ,Urbano,Caminhonete,Ileso       ,32.0,Masculino
766995,13/09/2010,RN,101,PARNAMIRIM,Falta de atenção,Colisão traseira,Sem Vítimas        ,Pleno dia,Ceu Claro,Dupla   ,Urbano,Automóvel,Ileso       ,28.0,Masculino
767013,13/09/2010,RN,101,NATAL,Falta de atenção,Colisão traseira,Sem Vítimas        ,Pleno dia,Ceu Claro,Dupla   ,Urbano,Caminhonete,Ileso       ,51.0,Masculino
767013,13/09/2010,RN,101,NATAL,Falta de atenção,Colisão traseira,Sem Vítimas        ,Pleno dia,Ceu Claro,Dupla   ,Urbano,Automóvel,Ileso       ,21.0,Masculino
767075,13/09/2010,RN,101,PARNAMIRIM,Não guardar distância de segurança,Colisão lateral,Sem Vítimas        ,Amanhecer,Sol,Dupla   ,Urbano,Caminhão,Ileso       ,33.0,Masculino
767075,13/09/2010,RN,101,PARNAMIRIM,Não guardar distância de segurança,Colisão lateral,Sem Vítimas        ,Amanhecer,Sol,Dupla   ,Urbano,Automóvel,Ileso       ,27.0,Masculino
767168,13/09/2010,RN,304,FERNANDO PEDROZA,Velocidade incompatível,Capotamento,Sem Vítimas        ,Pleno dia,Sol,Simples ,Rural ,Automóvel,Ileso       ,20.0,Masculino
767244,14/09/2010,RN,304,MACAIBA,Falta de atenção,Colisão traseira,Sem Vítimas        ,Pleno dia,Ceu Claro,Simples ,Rural ,Automóvel,Ileso       ,55.0,Masculino
767244,14/09/2010,RN,304,MACAIBA,Falta de atenção,Colisão traseira,Sem Vítimas        ,Pleno dia,Ceu Claro,Simples ,Rural ,Caminhão,Ileso       ,43.0,Masculino
767311,12/09/2010,RN,101,NATAL,Outras,Colisão Transversal,Sem Vítimas        ,Pleno dia,Sol,Dupla   ,Urbano,Automóvel,Ileso       ,27.0,Feminino
767311,12/09/2010,RN,101,NATAL,Outras,Colisão Transversal,Sem Vítimas        ,Pleno dia,Sol,Dupla   ,Urbano,Automóvel,Ileso       ,-1.0,Masculino
767390,02/09/2010,RN,226,NATAL,Outras,Colisão traseira,Com Vítimas Feridas,Pleno dia,Nublado,Simples ,Rural ,Caminhão,Ferido Leve ,22.0,Masculino
767390,02/09/2010,RN,226,NATAL,Outras,Colisão traseira,Com Vítimas Feridas,Pleno dia,Nublado,Simples ,Rural ,Ônibus,Ferido Leve ,47.0,Masculino
767390,02/09/2010,RN,226,NATAL,Outras,Colisão traseira,Com Vítimas Feridas,Pleno dia,Nublado,Simples ,Rural ,Ônibus,Ferido Leve ,27.0,Masculino
767390,02/09/2010,RN,226,NATAL,Outras,Colisão traseira,Com Vítimas Feridas,Pleno dia,Nublado,Simples ,Rural ,Ônibus,Ferido Leve ,47.0,Feminino
767390,02/09/2010,RN,226,NATAL,Outras,Colisão traseira,Com Vítimas Feridas,Pleno dia,Nublado,Simples ,Rural ,Ônibus,Ferido Leve ,46.0,Feminino
767390,02/09/2010,RN,226,NATAL,Outras,Colisão traseira,Com Vítimas Feridas,Pleno dia,Nublado,Simples ,Rural ,Ônibus,Ferido Grave,20.0,Feminino
767390,02/09/2010,RN,226,NATAL,Outras,Colisão traseira,Com Vítimas Feridas,Pleno dia,Nublado,Simples ,Rural ,Ônibus,Ferido Leve ,18.0,Feminino
767390,02/09/2010,RN,226,NATAL,Outras,Colisão traseira,Com Vítimas Feridas,Pleno dia,Nublado,Simples ,Rural ,Ônibus,Ferido Leve ,54.0,Masculino
767390,02/09/2010,RN,226,NATAL,Outras,Colisão traseira,Com Vítimas Feridas,Pleno dia,Nublado,Simples ,Rural ,Ônibus,Ferido Leve ,22.0,Feminino
767390,02/09/2010,RN,226,NATAL,Outras,Colisão traseira,Com Vítimas Feridas,Pleno dia,Nublado,Simples ,Rural ,Ônibus,Ferido Leve ,37.0,Masculino
767390,02/09/2010,RN,226,NATAL,Outras,Colisão traseira,Com Vítimas Feridas,Pleno dia,Nublado,Simples ,Rural ,Ônibus,Ferido Leve ,28.0,Masculino
767390,02/09/2010,RN,226,NATAL,Outras,Colisão traseira,Com Vítimas Feridas,Pleno dia,Nublado,Simples ,Rural ,Ônibus,Ferido Leve ,43.0,Masculino
767435,14/09/2010,RN,101,NATAL,Falta de atenção,Atropelamento de pessoa,Com Vítimas Feridas,Pleno dia,Ceu Claro,Dupla   ,Urbano,Automóvel,Ileso       ,-1.0,Masculino
767435,14/09/2010,RN,101,NATAL,Falta de atenção,Atropelamento de pessoa,Com Vítimas Feridas,Pleno dia,Ceu Claro,Dupla   ,Urbano,(null),Ferido Grave,76.0,Masculino
767455,14/09/2010,RN,101,SAO GONCALO DO AMARANTE,Falta de atenção,Colisão traseira,Sem Vítimas        ,Pleno dia,Ceu Claro,Dupla   ,Urbano,Automóvel,Ileso       ,29.0,Masculino
767455,14/09/2010,RN,101,SAO GONCALO DO AMARANTE,Falta de atenção,Colisão traseira,Sem Vítimas        ,Pleno dia,Ceu Claro,Dupla   ,Urbano,Caminhonete,Ileso       ,-1.0,Masculino
767535,14/09/2010,RN,101,NATAL,Outras,Colisão Transversal,Sem Vítimas        ,Plena noite,Chuva,Dupla   ,Urbano,Automóvel,Ileso       ,26.0,Masculino
767535,14/09/2010,RN,101,NATAL,Outras,Colisão Transversal,Sem Vítimas        ,Plena noite,Chuva,Dupla   ,Urbano,Automóvel,Ileso       ,-1.0,Masculino
767573,14/09/2010,RN,101,PARNAMIRIM,Falta de atenção,Atropelamento de pessoa,Com Vítimas Fatais ,Pleno dia,Ceu Claro,Dupla   ,Urbano,Automóvel,Ignorado    ,30.0,Masculino
767573,14/09/2010,RN,101,PARNAMIRIM,Falta de atenção,Atropelamento de pessoa,Com Vítimas Fatais ,Pleno dia,Ceu Claro,Dupla   ,Urbano,(null),Morto       ,-1.0,Masculino
767580,14/09/2010,RN,101,PARNAMIRIM,Outras,Colisão traseira,Sem Vítimas        ,Plena noite,Chuva,Múltipla,Urbano,Caminhonete,Ileso       ,52.0,Masculino
767580,14/09/2010,RN,101,PARNAMIRIM,Outras,Colisão traseira,Sem Vítimas        ,Plena noite,Chuva,Múltipla,Urbano,Automóvel,Ileso       ,22.0,Masculino
767592,14/09/2010,RN,101,PARNAMIRIM,Velocidade incompatível,Colisão traseira,Sem Vítimas        ,Plena noite,Chuva,Múltipla,Urbano,Automóvel,Ileso       ,27.0,Masculino
767592,14/09/2010,RN,101,PARNAMIRIM,Velocidade incompatível,Colisão traseira,Sem Vítimas        ,Plena noite,Chuva,Múltipla,Urbano,Automóvel,Ileso       ,34.0,Masculino
767604,14/09/2010,RN,101,PARNAMIRIM,Outras,Colisão traseira,Sem Vítimas        ,Plena noite,Chuva,Múltipla,Urbano,Automóvel,Ileso       ,26.0,Feminino
767604,14/09/2010,RN,101,PARNAMIRIM,Outras,Colisão traseira,Sem Vítimas        ,Plena noite,Chuva,Múltipla,Urbano,Automóvel,Ileso       ,23.0,Masculino
767604,14/09/2010,RN,101,PARNAMIRIM,Outras,Colisão traseira,Sem Vítimas        ,Plena noite,Chuva,Múltipla,Urbano,Automóvel,Ileso       ,24.0,Feminino
767610,14/09/2010,RN,101,NATAL,Falta de atenção,Atropelamento de pessoa,Com Vítimas Feridas,Pleno dia,Ceu Claro,Dupla   ,Urbano,Automóvel,Ileso       ,27.0,Feminino
767610,14/09/2010,RN,101,NATAL,Falta de atenção,Atropelamento de pessoa,Com Vítimas Feridas,Pleno dia,Ceu Claro,Dupla   ,Urbano,(null),Ferido Grave,69.0,Masculino
767638,14/09/2010,RN,304,MOSSORO,Falta de atenção,Colisão Transversal,Sem Vítimas        ,Plena noite,Ceu Claro,Simples ,Urbano,Caminhonete,Ileso       ,66.0,Masculino
767638,14/09/2010,RN,304,MOSSORO,Falta de atenção,Colisão Transversal,Sem Vítimas        ,Plena noite,Ceu Claro,Simples ,Urbano,Automóvel,Ileso       ,-1.0,Masculino
767658,14/09/2010,RN,101,PARNAMIRIM,Falta de atenção,Colisão lateral,Sem Vítimas        ,Plena noite,Ceu Claro,Dupla   ,Urbano,Automóvel,Ileso       ,58.0,Masculino
767658,14/09/2010,RN,101,PARNAMIRIM,Falta de atenção,Colisão lateral,Sem Vítimas        ,Plena noite,Ceu Claro,Dupla   ,Urbano,Camioneta,Ileso       ,48.0,Masculino
767746,11/09/2010,RN,427,JARDIM DO SERIDO,Falta de atenção,Capotamento,Sem Vítimas        ,Pleno dia,Ceu Claro,Simples ,Rural ,Automóvel,Ileso       ,41.0,Masculino
767784,15/09/2010,RN,101,SAO JOSE DE MIPIBU,Outras,Capotamento,Sem Vítimas        ,Pleno dia,Sol,Dupla   ,Rural ,Automóvel,Ileso       ,25.0,Feminino
767874,15/09/2010,RN,101,NATAL,Outras,Colisão traseira,Sem Vítimas        ,Pleno dia,Sol,Múltipla,Urbano,Automóvel,Ileso       ,25.0,Feminino
767874,15/09/2010,RN,101,NATAL,Outras,Colisão traseira,Sem Vítimas        ,Pleno dia,Sol,Múltipla,Urbano,Automóvel,Ileso       ,-1.0,Masculino
767882,15/09/2010,RN,406,CEARA-MIRIM,Outras,Colisão com objeto móvel,Sem Vítimas        ,Pleno dia,Sol,Dupla   ,Rural ,Automóvel,Ileso       ,27.0,Masculino
767882,15/09/2010,RN,406,CEARA-MIRIM,Outras,Colisão com objeto móvel,Sem Vítimas        ,Pleno dia,Sol,Dupla   ,Rural ,Caminhão,Ileso       ,27.0,Masculino
767898,03/09/2010,RN,101,PARNAMIRIM,Falta de atenção,Colisão traseira,Sem Vítimas        ,Plena noite,Ceu Claro,Dupla   ,Urbano,Automóvel,Ileso       ,50.0,Masculino
767898,03/09/2010,RN,101,PARNAMIRIM,Falta de atenção,Colisão traseira,Sem Vítimas        ,Plena noite,Ceu Claro,Dupla   ,Urbano,Automóvel,Ileso       ,50.0,Feminino
767956,15/09/2010,RN,427,CAICO,Não guardar distância de segurança,Colisão traseira,Sem Vítimas        ,Pleno dia,Ceu Claro,Simples ,Rural ,Caminhão-Trator,Ileso       ,52.0,Masculino
767956,15/09/2010,RN,427,CAICO,Não guardar distância de segurança,Colisão traseira,Sem Vítimas        ,Pleno dia,Ceu Claro,Simples ,Rural ,Caminhão,Ileso       ,35.0,Masculino
768005,15/09/2010,RN,304,MOSSORO,Não guardar distância de segurança,Colisão traseira,Sem Vítimas        ,Pleno dia,Ceu Claro,Simples ,Urbano,Automóvel,Ileso       ,30.0,Masculino
768005,15/09/2010,RN,304,MOSSORO,Não guardar distância de segurança,Colisão traseira,Sem Vítimas        ,Pleno dia,Ceu Claro,Simples ,Urbano,Não identificado,Ignorado    ,-1.0,Inválido
768084,04/09/2010,RN,101,SAO JOSE DE MIPIBU,Outras,Colisão Transversal,Sem Vítimas        ,Anoitecer,Ceu Claro,Simples ,Urbano,Automóvel,Ileso       ,31.0,Masculino
768084,04/09/2010,RN,101,SAO JOSE DE MIPIBU,Outras,Colisão Transversal,Sem Vítimas        ,Anoitecer,Ceu Claro,Simples ,Urbano,Automóvel,Ileso       ,50.0,Masculino
768097,15/09/2010,RN,101,SAO GONCALO DO AMARANTE,Falta de atenção,Colisão traseira,Com Vítimas Feridas,Pleno dia,Sol,Dupla   ,Urbano,Automóvel,Ileso       ,35.0,Masculino
768097,15/09/2010,RN,101,SAO GONCALO DO AMARANTE,Falta de atenção,Colisão traseira,Com Vítimas Feridas,Pleno dia,Sol,Dupla   ,Urbano,Motocicletas,Ferido Leve ,28.0,Masculino
768125,11/09/2010,RN,101,SAO JOSE DE MIPIBU,Não guardar distância de segurança,Colisão traseira,Sem Vítimas        ,Pleno dia,Vento,Simples ,Urbano,Caminhão,Ileso       ,61.0,Masculino
768125,11/09/2010,RN,101,SAO JOSE DE MIPIBU,Não guardar distância de segurança,Colisão traseira,Sem Vítimas        ,Pleno dia,Vento,Simples ,Urbano,Ônibus,Ileso       ,38.0,Masculino
768134,15/09/2010,RN,101,NATAL,Outras,Colisão lateral,Com Vítimas Feridas,Plena noite,Ceu Claro,Simples ,Urbano,Motocicletas,Ileso       ,38.0,Masculino
768134,15/09/2010,RN,101,NATAL,Outras,Colisão lateral,Com Vítimas Feridas,Plena noite,Ceu Claro,Simples ,Urbano,Motocicletas,Ferido Leve ,22.0,Masculino
768138,15/09/2010,RN,101,NATAL,Falta de atenção,Colisão traseira,Sem Vítimas        ,Pleno dia,Ceu Claro,Simples ,Urbano,Automóvel,Ileso       ,30.0,Feminino
768138,15/09/2010,RN,101,NATAL,Falta de atenção,Colisão traseira,Sem Vítimas        ,Pleno dia,Ceu Claro,Simples ,Urbano,Automóvel,Ileso       ,24.0,Masculino
768169,15/09/2010,RN,101,PARNAMIRIM,Ingestão de álcool,Colisão traseira,Sem Vítimas        ,Plena noite,Vento,Dupla   ,Urbano,Automóvel,Ileso       ,53.0,Feminino
768169,15/09/2010,RN,101,PARNAMIRIM,Ingestão de álcool,Colisão traseira,Sem Vítimas        ,Plena noite,Vento,Dupla   ,Urbano,Automóvel,Ileso       ,23.0,Masculino
768185,08/09/2010,RN,101,CANGUARETAMA,Ultrapassagem indevida,Colisão lateral,Sem Vítimas        ,Amanhecer,Ceu Claro,Simples ,Rural ,Automóvel,Ileso       ,36.0,Masculino
768185,08/09/2010,RN,101,CANGUARETAMA,Ultrapassagem indevida,Colisão lateral,Sem Vítimas        ,Amanhecer,Ceu Claro,Simples ,Rural ,Camioneta,Ileso       ,41.0,Masculino
768213,16/09/2010,RN,405,MOSSORO,Outras,Capotamento,Com Vítimas Feridas,Amanhecer,Ceu Claro,Simples ,Rural ,Automóvel,Ferido Leve ,-1.0,Masculino
768228,11/09/2010,RN,101,NATAL,Falta de atenção,Colisão traseira,Sem Vítimas        ,Plena noite,Ceu Claro,Dupla   ,Urbano,Automóvel,Ileso       ,25.0,Masculino
768228,11/09/2010,RN,101,NATAL,Falta de atenção,Colisão traseira,Sem Vítimas        ,Plena noite,Ceu Claro,Dupla   ,Urbano,Automóvel,Ileso       ,41.0,Masculino
769381,17/08/2010,RN,226,NATAL,Ultrapassagem indevida,Colisão lateral,Com Vítimas Feridas,Anoitecer,Ceu Claro,Simples ,Urbano,Caminhonete,Ferido Leve ,-1.0,Masculino
769381,17/08/2010,RN,226,NATAL,Ultrapassagem indevida,Colisão lateral,Com Vítimas Feridas,Anoitecer,Ceu Claro,Simples ,Urbano,Automóvel,Ignorado    ,20.0,Masculino
770897,09/09/2010,RN,406,SAO GONCALO DO AMARANTE,Desobediência à sinalização,Colisão Transversal,Com Vítimas Feridas,Anoitecer,Chuva,Simples ,Urbano,Automóvel,Ileso       ,37.0,Masculino
770897,09/09/2010,RN,406,SAO GONCALO DO AMARANTE,Desobediência à sinalização,Colisão Transversal,Com Vítimas Feridas,Anoitecer,Chuva,Simples ,Urbano,Automóvel,Ferido Grave,61.0,Masculino
770944,17/09/2010,RN,304,MOSSORO,Falta de atenção,Colisão com objeto fixo,Sem Vítimas        ,Pleno dia,Ceu Claro,Simples ,Rural ,Semi-Reboque,Ileso       ,64.0,Masculino
771002,17/09/2010,RN,101,CANGUARETAMA,Falta de atenção,Capotamento,Sem Vítimas        ,Pleno dia,Ceu Claro,Dupla   ,Rural ,Automóvel,Ileso       ,28.0,Masculino
771015,17/09/2010,RN,101,NATAL,Outras,Colisão traseira,Sem Vítimas        ,Pleno dia,Sol,Dupla   ,Urbano,Caminhão,Ileso       ,44.0,Masculino
771015,17/09/2010,RN,101,NATAL,Outras,Colisão traseira,Sem Vítimas        ,Pleno dia,Sol,Dupla   ,Urbano,Automóvel,Ileso       ,42.0,Feminino
771021,17/09/2010,RN,406,CEARA-MIRIM,Outras,Atropelamento de pessoa,Com Vítimas Feridas,Pleno dia,Sol,Simples ,Urbano,Automóvel,Ileso       ,28.0,Masculino
771021,17/09/2010,RN,406,CEARA-MIRIM,Outras,Atropelamento de pessoa,Com Vítimas Feridas,Pleno dia,Sol,Simples ,Urbano,(null),Ferido Grave,81.0,Masculino
771028,15/09/2010,RN,101,NATAL,Falta de atenção,Colisão traseira,Sem Vítimas        ,Plena noite,Ceu Claro,Dupla   ,Urbano,Automóvel,Ileso       ,46.0,Masculino
771028,15/09/2010,RN,101,NATAL,Falta de atenção,Colisão traseira,Sem Vítimas        ,Plena noite,Ceu Claro,Dupla   ,Urbano,Camioneta,Ileso       ,51.0,Feminino
771028,15/09/2010,RN,101,NATAL,Falta de atenção,Colisão traseira,Sem Vítimas        ,Plena noite,Ceu Claro,Dupla   ,Urbano,Automóvel,Ileso       ,32.0,Feminino
771045,17/09/2010,RN,101,NATAL,Falta de atenção,Colisão traseira,Sem Vítimas        ,Pleno dia,Ceu Claro,Dupla   ,Urbano,Automóvel,Ileso       ,40.0,Masculino
771045,17/09/2010,RN,101,NATAL,Falta de atenção,Colisão traseira,Sem Vítimas        ,Pleno dia,Ceu Claro,Dupla   ,Urbano,Automóvel,Ileso       ,44.0,Masculino
771049,17/09/2010,RN,304,MACAIBA,Outras,Derramamento de Carga,Sem Vítimas        ,Pleno dia,Sol,Dupla   ,Rural ,Automóvel,Ileso       ,45.0,Masculino
771049,17/09/2010,RN,304,MACAIBA,Outras,Derramamento de Carga,Sem Vítimas        ,Pleno dia,Sol,Dupla   ,Rural ,Caminhão,Ileso       ,30.0,Masculino
771129,16/09/2010,RN,304,ANGICOS,Outras,Capotamento,Com Vítimas Feridas,Plena noite,Ceu Claro,Simples ,Rural ,Automóvel,Ferido Leve ,45.0,Masculino
771129,16/09/2010,RN,304,ANGICOS,Outras,Capotamento,Com Vítimas Feridas,Plena noite,Ceu Claro,Simples ,Rural ,Automóvel,Ferido Grave,-1.0,Masculino
771129,16/09/2010,RN,304,ANGICOS,Outras,Capotamento,Com Vítimas Feridas,Plena noite,Ceu Claro,Simples ,Rural ,Automóvel,Ferido Grave,-1.0,Feminino
771129,16/09/2010,RN,304,ANGICOS,Outras,Capotamento,Com Vítimas Feridas,Plena noite,Ceu Claro,Simples ,Rural ,Automóvel,Ferido Leve ,-1.0,Feminino
771129,16/09/2010,RN,304,ANGICOS,Outras,Capotamento,Com Vítimas Feridas,Plena noite,Ceu Claro,Simples ,Rural ,Automóvel,Ferido Grave,-1.0,Feminino
771134,16/09/2010,RN,101,NATAL,Não guardar distância de segurança,Colisão traseira,Sem Vítimas        ,Pleno dia,Ceu Claro,Simples ,Urbano,Automóvel,Ileso       ,30.0,Feminino
771134,16/09/2010,RN,101,NATAL,Não guardar distância de segurança,Colisão traseira,Sem Vítimas        ,Pleno dia,Ceu Claro,Simples ,Urbano,Automóvel,Ileso       ,38.0,Masculino
771165,17/09/2010,RN,101,NATAL,Falta de atenção,Colisão traseira,Sem Vítimas        ,Pleno dia,Ceu Claro,Dupla   ,Urbano,Microônibus,Ileso       ,44.0,Masculino
771165,17/09/2010,RN,101,NATAL,Falta de atenção,Colisão traseira,Sem Vítimas        ,Pleno dia,Ceu Claro,Dupla   ,Urbano,Automóvel,Ileso       ,28.0,Feminino
771180,17/09/2010,RN,304,MACAIBA,Outras,Colisão traseira,Sem Vítimas        ,Pleno dia,Ceu Claro,Simples ,Urbano,Automóvel,Ileso       ,31.0,Masculino
771180,17/09/2010,RN,304,MACAIBA,Outras,Colisão traseira,Sem Vítimas        ,Pleno dia,Ceu Claro,Simples ,Urbano,Camioneta,Ileso       ,29.0,Masculino
771180,17/09/2010,RN,304,MACAIBA,Outras,Colisão traseira,Sem Vítimas        ,Pleno dia,Ceu Claro,Simples ,Urbano,Automóvel,Ileso       ,46.0,Masculino
771184,13/09/2010,RN,101,PARNAMIRIM,Falta de atenção,Colisão Transversal,Sem Vítimas        ,Anoitecer,Ceu Claro,Dupla   ,Urbano,Automóvel,Ileso       ,26.0,Masculino
771184,13/09/2010,RN,101,PARNAMIRIM,Falta de atenção,Colisão Transversal,Sem Vítimas        ,Anoitecer,Ceu Claro,Dupla   ,Urbano,Automóvel,Ileso       ,37.0,Feminino
771220,17/09/2010,RN,101,NATAL,Falta de atenção,Colisão traseira,Sem Vítimas        ,Pleno dia,Ceu Claro,Dupla   ,Urbano,Automóvel,Ileso       ,41.0,Masculino
771220,17/09/2010,RN,101,NATAL,Falta de atenção,Colisão traseira,Sem Vítimas        ,Pleno dia,Ceu Claro,Dupla   ,Urbano,Caminhonete,Ileso       ,27.0,Masculino
771311,14/09/2010,RN,101,NATAL,Falta de atenção,Colisão Transversal,Com Vítimas Feridas,Anoitecer,Ignorada,Dupla   ,Urbano,Ônibus,Ileso       ,29.0,Masculino
771311,14/09/2010,RN,101,NATAL,Falta de atenção,Colisão Transversal,Com Vítimas Feridas,Anoitecer,Ignorada,Dupla   ,Urbano,Ciclomotor,Ferido Leve ,52.0,Masculino
771323,18/09/2010,RN,101,PARNAMIRIM,Não guardar distância de segurança,Colisão traseira,Com Vítimas Feridas,Plena noite,Ceu Claro,Dupla   ,Urbano,Automóvel,Ileso       ,25.0,Feminino
771323,18/09/2010,RN,101,PARNAMIRIM,Não guardar distância de segurança,Colisão traseira,Com Vítimas Feridas,Plena noite,Ceu Claro,Dupla   ,Urbano,Motocicletas,Ferido Leve ,30.0,Masculino
771323,18/09/2010,RN,101,PARNAMIRIM,Não guardar distância de segurança,Colisão traseira,Com Vítimas Feridas,Plena noite,Ceu Claro,Dupla   ,Urbano,Motocicletas,Ferido Leve ,33.0,Masculino
771368,17/09/2010,RN,101,NATAL,Falta de atenção,Colisão lateral,Com Vítimas Feridas,Pleno dia,Sol,Dupla   ,Urbano,Automóvel,Ileso       ,51.0,Masculino
771368,17/09/2010,RN,101,NATAL,Falta de atenção,Colisão lateral,Com Vítimas Feridas,Pleno dia,Sol,Dupla   ,Urbano,Motocicletas,Ferido Leve ,29.0,Masculino
771368,17/09/2010,RN,101,NATAL,Falta de atenção,Colisão lateral,Com Vítimas Feridas,Pleno dia,Sol,Dupla   ,Urbano,Motocicletas,Ferido Leve ,29.0,Masculino
771407,17/09/2010,RN,101,SAO JOSE DE MIPIBU,Outras,Colisão Transversal,Com Vítimas Feridas,Plena noite,Ceu Claro,Dupla   ,Rural ,Automóvel,Ileso       ,42.0,Masculino
771407,17/09/2010,RN,101,SAO JOSE DE MIPIBU,Outras,Colisão Transversal,Com Vítimas Feridas,Plena noite,Ceu Claro,Dupla   ,Rural ,Ciclomotor,Ferido Leve ,51.0,Masculino
771407,17/09/2010,RN,101,SAO JOSE DE MIPIBU,Outras,Colisão Transversal,Com Vítimas Feridas,Plena noite,Ceu Claro,Dupla   ,Rural ,Ciclomotor,Ferido Leve ,26.0,Feminino
771407,17/09/2010,RN,101,SAO JOSE DE MIPIBU,Outras,Colisão Transversal,Com Vítimas Feridas,Plena noite,Ceu Claro,Dupla   ,Rural ,Ciclomotor,Ferido Leve ,1.0,Masculino
771409,17/09/2010,RN,304,ASSU,Não guardar distância de segurança,Colisão traseira,Sem Vítimas        ,Pleno dia,Sol,Simples ,Rural ,Automóvel,Ileso       ,32.0,Masculino
771409,17/09/2010,RN,304,ASSU,Não guardar distância de segurança,Colisão traseira,Sem Vítimas        ,Pleno dia,Sol,Simples ,Rural ,Caminhonete,Ileso       ,47.0,Masculino
771569,18/09/2010,RN,101,NATAL,Falta de atenção,Colisão traseira,Sem Vítimas        ,Pleno dia,Ceu Claro,Múltipla,Urbano,Automóvel,Ileso       ,63.0,Feminino
771569,18/09/2010,RN,101,NATAL,Falta de atenção,Colisão traseira,Sem Vítimas        ,Pleno dia,Ceu Claro,Múltipla,Urbano,Automóvel,Ileso       ,26.0,Feminino
771572,18/09/2010,RN,101,NATAL,Outras,Colisão traseira,Sem Vítimas        ,Pleno dia,Ceu Claro,Dupla   ,Urbano,Automóvel,Ileso       ,34.0,Feminino