id,data_inversa,uf,br,municipio,causa_acidente,tipo_acidente,classificacao_acidente,fase_dia,condicao_metereologica,tipo_pista,uso_solo,tipo_veiculo,estado_fisico,idade,sexo
816718,11/12/2010,RN,304,MOSSORO,Outras,Colisão Transversal,Com Vítimas Feridas,Plena noite,Nublado,Simples ,Urbano,Motocicletas,Ignorado    ,-1.0,Inválido
816718,11/12/2010,RN,304,MOSSORO,Outras,Colisão Transversal,Com Vítimas Feridas,Plena noite,Nublado,Simples ,Urbano,Motocicletas,Ferido Leve ,27.0,Masculino
816718,11/12/2010,RN,304,MOSSORO,Outras,Colisão Transversal,Com Vítimas Feridas,Plena noite,Nublado,Simples ,Urbano,Motocicletas,Ferido Leve ,23.0,Feminino
816782,09/12/2010,RN,110,MOSSORO,Outras,Colisão frontal,Com Vítimas Feridas,Plena noite,Ceu Claro,Simples ,Rural ,Caminhão-Trator,Ileso       ,56.0,Masculino
816782,09/12/2010,RN,110,MOSSORO,Outras,Colisão frontal,Com Vítimas Feridas,Plena noite,Ceu Claro,Simples ,Rural ,Camioneta,Ileso       ,57.0,Masculino
816782,09/12/2010,RN,110,MOSSORO,Outras,Colisão frontal,Com Vítimas Feridas,Plena noite,Ceu Claro,Simples ,Rural ,Camioneta,Ferido Leve ,51.0,Feminino
816903,07/12/2010,RN,101,NATAL,Não guardar distância de segurança,Colisão traseira,Sem Vítimas        ,Plena noite,Ceu Claro,Múltipla,Urbano,Automóvel,Ileso       ,23.0,Masculino
816903,07/12/2010,RN,101,NATAL,Não guardar distância de segurança,Colisão traseira,Sem Vítimas        ,Plena noite,Ceu Claro,Múltipla,Urbano,Automóvel,Ileso       ,25.0,Masculino
816929,11/12/2010,RN,226,NATAL,Outras,Colisão Transversal,Com Vítimas Feridas,Pleno dia,Sol,Simples ,Urbano,Motocicletas,Ferido Grave,24.0,Masculino
816929,11/12/2010,RN,226,NATAL,Outras,Colisão Transversal,Com Vítimas Feridas,Pleno dia,Sol,Simples ,Urbano,Automóvel,Ferido Leve ,42.0,Masculino
816958,03/12/2010,RN,226,FLORANIA,Defeito na via,Colisão lateral,Com Vítimas Feridas,Plena noite,Ceu Claro,Simples ,Rural ,Caminhonete,Ileso       ,26.0,Masculino
816958,03/12/2010,RN,226,FLORANIA,Defeito na via,Colisão lateral,Com Vítimas Feridas,Plena noite,Ceu Claro,Simples ,Rural ,Automóvel,Ferido Grave,56.0,Masculino
816958,03/12/2010,RN,226,FLORANIA,Defeito na via,Colisão lateral,Com Vítimas Feridas,Plena noite,Ceu Claro,Simples ,Rural ,Caminhonete,Ileso       ,47.0,Masculino
816958,03/12/2010,RN,226,FLORANIA,Defeito na via,Colisão lateral,Com Vítimas Feridas,Plena noite,Ceu Claro,Simples ,Rural ,Automóvel,Ileso       ,41.0,Masculino
816982,11/12/2010,RN,304,ASSU,Outras,Capotamento,Com Vítimas Feridas,Pleno dia,Ceu Claro,Simples ,Rural ,Automóvel,Ferido Leve ,40.0,Feminino
817000,10/12/2010,RN,101,PARNAMIRIM,Desobediência à sinalização,Colisão Transversal,Com Vítimas Feridas,Plena noite,Ceu Claro,Múltipla,Urbano,Motocicletas,Ferido Leve ,40.0,Masculino
817000,10/12/2010,RN,101,PARNAMIRIM,Desobediência à sinalização,Colisão Transversal,Com Vítimas Feridas,Plena noite,Ceu Claro,Múltipla,Urbano,Automóvel,Ileso       ,23.0,Feminino
817086,07/12/2010,RN,101,NATAL,Falta de atenção,Colisão com bicicleta,Com Vítimas Feridas,Anoitecer,Ceu Claro,Simples ,Rural ,Automóvel,Ileso       ,40.0,Masculino
817086,07/12/2010,RN,101,NATAL,Falta de atenção,Colisão com bicicleta,Com Vítimas Feridas,Anoitecer,Ceu Claro,Simples ,Rural ,Bicicleta,Ferido Grave,14.0,Masculino
817145,11/12/2010,RN,427,CAICO,Outras,Colisão lateral,Sem Vítimas        ,Pleno dia,Nublado,Simples ,Urbano,Automóvel,Ileso       ,35.0,Masculino
817145,11/12/2010,RN,427,CAICO,Outras,Colisão lateral,Sem Vítimas        ,Pleno dia,Nublado,Simples ,Urbano,Caminhão-Trator,Ileso       ,38.0,Masculino
817147,11/12/2010,RN,226,MACAIBA,Ingestão de álcool,Capotamento,Com Vítimas Feridas,Amanhecer,Chuva,Simples ,Rural ,Automóvel,Ferido Leve ,23.0,Masculino
817147,11/12/2010,RN,226,MACAIBA,Ingestão de álcool,Capotamento,Com Vítimas Feridas,Amanhecer,Chuva,Simples ,Rural ,Automóvel,Ferido Leve ,23.0,Masculino
817265,11/12/2010,RN,427,CAICO,Não guardar distância de segurança,Colisão traseira,Sem Vítimas        ,Pleno dia,Nublado,Simples ,Urbano,Automóvel,Ileso       ,28.0,Feminino
817265,11/12/2010,RN,427,CAICO,Não guardar distância de segurança,Colisão traseira,Sem Vítimas        ,Pleno dia,Nublado,Simples ,Urbano,Motocicletas,Ileso       ,-1.0,Masculino
817312,10/12/2010,RN,101,NATAL,Falta de atenção,Colisão lateral,Sem Vítimas        ,Pleno dia,Sol,Múltipla,Urbano,Caminhão,Ileso       ,33.0,Masculino
817312,10/12/2010,RN,101,NATAL,Falta de atenção,Colisão lateral,Sem Vítimas        ,Pleno dia,Sol,Múltipla,Urbano,Automóvel,Ileso       ,30.0,Masculino
817335,08/12/2010,RN,101,PARNAMIRIM,Falta de atenção,Colisão traseira,Sem Vítimas        ,Pleno dia,Ceu Claro,Dupla   ,Urbano,Caminhão,Ileso       ,48.0,Masculino
817335,08/12/2010,RN,101,PARNAMIRIM,Falta de atenção,Colisão traseira,Sem Vítimas        ,Pleno dia,Ceu Claro,Dupla   ,Urbano,Ônibus,Ileso       ,31.0,Masculino
817336,08/12/2010,RN,101,CANGUARETAMA,Falta de atenção,Colisão traseira,Com Vítimas Feridas,Plena noite,Ceu Claro,Dupla   ,Urbano,Motoneta,Ferido Grave,60.0,Masculino
817336,08/12/2010,RN,101,CANGUARETAMA,Falta de atenção,Colisão traseira,Com Vítimas Feridas,Plena noite,Ceu Claro,Dupla   ,Urbano,Automóvel,Ileso       ,29.0,Masculino
817373,08/12/2010,RN,101,PARNAMIRIM,Não guardar distância de segurança,Colisão traseira,Com Vítimas Feridas,Pleno dia,Ceu Claro,Dupla   ,Urbano,Caminhonete,Ileso       ,36.0,Masculino
817373,08/12/2010,RN,101,PARNAMIRIM,Não guardar distância de segurança,Colisão traseira,Com Vítimas Feridas,Pleno dia,Ceu Claro,Dupla   ,Urbano,Automóvel,Ileso       ,32.0,Masculino
817373,08/12/2010,RN,101,PARNAMIRIM,Não guardar distância de segurança,Colisão traseira,Com Vítimas Feridas,Pleno dia,Ceu Claro,Dupla   ,Urbano,Motocicletas,Ferido Leve ,28.0,Masculino
817400,08/12/2010,RN,101,PARNAMIRIM,Falta de atenção,Colisão traseira,Sem Vítimas        ,Pleno dia,Sol,Múltipla,Urbano,Automóvel,Ileso       ,55.0,Masculino
817400,08/12/2010,RN,101,PARNAMIRIM,Falta de atenção,Colisão traseira,Sem Vítimas        ,Pleno dia,Sol,Múltipla,Urbano,Automóvel,Ileso       ,28.0,Masculino
817414,08/12/2010,RN,101,NATAL,Falta de atenção,Colisão traseira,Sem Vítimas        ,Pleno dia,Ceu Claro,Múltipla,Urbano,Automóvel,Ileso       ,30.0,Feminino
817414,08/12/2010,RN,101,NATAL,Falta de atenção,Colisão traseira,Sem Vítimas        ,Pleno dia,Ceu Claro,Múltipla,Urbano,Caminhão,Ileso       ,25.0,Masculino
817428,12/12/2010,RN,226,MACAIBA,Dormindo,Colisão frontal,Com Vítimas Feridas,Pleno dia,Sol,Simples ,Urbano,Automóvel,Ileso       ,29.0,Masculino
817428,12/12/2010,RN,226,MACAIBA,Dormindo,Colisão frontal,Com Vítimas Feridas,Pleno dia,Sol,Simples ,Urbano,Automóvel,Ignorado    ,17.0,Feminino
817428,12/12/2010,RN,226,MACAIBA,Dormindo,Colisão frontal,Com Vítimas Feridas,Pleno dia,Sol,Simples ,Urbano,Automóvel,Ferido Leve ,45.0,Feminino
817428,12/12/2010,RN,226,MACAIBA,Dormindo,Colisão frontal,Com Vítimas Feridas,Pleno dia,Sol,Simples ,Urbano,Automóvel,Ferido Leve ,37.0,Masculino
817428,12/12/2010,RN,226,MACAIBA,Dormindo,Colisão frontal,Com Vítimas Feridas,Pleno dia,Sol,Simples ,Urbano,Automóvel,Ferido Leve ,23.0,Masculino
817428,12/12/2010,RN,226,MACAIBA,Dormindo,Colisão frontal,Com Vítimas Feridas,Pleno dia,Sol,Simples ,Urbano,Automóvel,Ferido Leve ,16.0,Masculino
817471,09/12/2010,RN,304,MOSSORO,Outras,Tombamento,Sem Vítimas        ,Plena noite,Ceu Claro,Simples ,Rural ,Caminhão-Trator,Ileso       ,30.0,Masculino
817493,05/12/2010,RN,101,PARNAMIRIM,Desobediência à sinalização,Colisão Transversal,Sem Vítimas        ,Plena noite,Ceu Claro,Dupla   ,Urbano,Motocicletas,Ileso       ,28.0,Masculino
817493,05/12/2010,RN,101,PARNAMIRIM,Desobediência à sinalização,Colisão Transversal,Sem Vítimas        ,Plena noite,Ceu Claro,Dupla   ,Urbano,Automóvel,Ileso       ,58.0,Masculino
817519,04/12/2010,RN,405,GOVERNADOR DIX-SEPT ROSADO,Outras,Capotamento,Com Vítimas Fatais ,Anoitecer,Ceu Claro,Simples ,Rural ,Automóvel,Morto       ,26.0,Feminino
817519,04/12/2010,RN,405,GOVERNADOR DIX-SEPT ROSADO,Outras,Capotamento,Com Vítimas Fatais ,Anoitecer,Ceu Claro,Simples ,Rural ,Automóvel,Ferido Leve ,26.0,Masculino
817711,09/12/2010,RN,304,ASSU,Outras,Colisão Transversal,Sem Vítimas        ,Pleno dia,Sol,Simples ,Urbano,Camioneta,Ileso       ,78.0,Masculino
817711,09/12/2010,RN,304,ASSU,Outras,Colisão Transversal,Sem Vítimas        ,Pleno dia,Sol,Simples ,Urbano,Automóvel,Ileso       ,31.0,Feminino
817744,12/12/2010,RN,101,PARNAMIRIM,Desobediência à sinalização,Colisão traseira,Sem Vítimas        ,Plena noite,Nublado,Dupla   ,Urbano,Automóvel,Ileso       ,30.0,Masculino
817744,12/12/2010,RN,101,PARNAMIRIM,Desobediência à sinalização,Colisão traseira,Sem Vítimas        ,Plena noite,Nublado,Dupla   ,Urbano,Automóvel,Ileso       ,31.0,Masculino
817801,12/12/2010,RN,226,NATAL,Ingestão de álcool,Colisão Transversal,Com Vítimas Feridas,Pleno dia,Ceu Claro,Simples ,Urbano,Automóvel,Ileso       ,38.0,Masculino
817801,12/12/2010,RN,226,NATAL,Ingestão de álcool,Colisão Transversal,Com Vítimas Feridas,Pleno dia,Ceu Claro,Simples ,Urbano,Motocicletas,Ferido Grave,37.0,Masculino
817815,12/12/2010,RN,304,SANTA MARIA,Animais na Pista,Atropelamento de animal,Com Vítimas Feridas,Anoitecer,Ceu Claro,Simples ,Urbano,Motocicletas,Ferido Grave,-1.0,Masculino
817868,09/12/2010,RN,405,FELIPE GUERRA,Outras,Atropelamento de pessoa,Com Vítimas Fatais ,Plena noite,Ceu Claro,Simples ,Rural ,Automóvel,Ignorado    ,-1.0,Inválido
817868,09/12/2010,RN,405,FELIPE GUERRA,Outras,Atropelamento de pessoa,Com Vítimas Fatais ,Plena noite,Ceu Claro,Simples ,Rural ,(null),Morto       ,25.0,Masculino
817945,07/12/2010,RN,101,PARNAMIRIM,Desobediência à sinalização,Colisão Transversal,Com Vítimas Feridas,Pleno dia,Sol,Dupla   ,Urbano,Motocicletas,Ferido Leve ,-1.0,Masculino
817945,07/12/2010,RN,101,PARNAMIRIM,Desobediência à sinalização,Colisão Transversal,Com Vítimas Feridas,Pleno dia,Sol,Dupla   ,Urbano,Motocicletas,Ileso       ,-1.0,Masculino
817945,07/12/2010,RN,101,PARNAMIRIM,Desobediência à sinalização,Colisão Transversal,Com Vítimas Feridas,Pleno dia,Sol,Dupla   ,Urbano,Motocicletas,Ferido Grave,59.0,Masculino
817949,08/12/2010,RN,304,RIACHUELO,Dormindo,Saída de Pista,Com Vítimas Feridas,Pleno dia,Ceu Claro,Simples ,Rural ,Caminhão,Ferido Leve ,35.0,Masculino
817957,11/12/2010,RN,101,SAO JOSE DE MIPIBU,Ingestão de álcool,Colisão com bicicleta,Com Vítimas Feridas,Anoitecer,Ceu Claro,Dupla   ,Rural ,Bicicleta,Ferido Grave,41.0,Masculino
817957,11/12/2010,RN,101,SAO JOSE DE MIPIBU,Ingestão de álcool,Colisão com bicicleta,Com Vítimas Feridas,Anoitecer,Ceu Claro,Dupla   ,Rural ,Caminhão,Ileso       ,-1.0,Masculino
818015,12/12/2010,RN,304,MOSSORO,Outras,Colisão Transversal,Com Vítimas Feridas,Plena noite,Ceu Claro,Simples ,Urbano,Motocicletas,Ferido Leve ,27.0,Masculino
818015,12/12/2010,RN,304,MOSSORO,Outras,Colisão Transversal,Com Vítimas Feridas,Plena noite,Ceu Claro,Simples ,Urbano,Motocicletas,Ferido Leve ,28.0,Masculino
818015,12/12/2010,RN,304,MOSSORO,Outras,Colisão Transversal,Com Vítimas Feridas,Plena noite,Ceu Claro,Simples ,Urbano,Automóvel,Ignorado    ,-1.0,Inválido
818068,10/12/2010,RN,101,NATAL,Não guardar distância de segurança,Colisão lateral,Sem Vítimas        ,Pleno dia,Sol,Dupla   ,Urbano,Caminhão-Trator,Ileso       ,53.0,Masculino
818068,10/12/2010,RN,101,NATAL,Não guardar distância de segurança,Colisão lateral,Sem Vítimas        ,Pleno dia,Sol,Dupla   ,Urbano,Caminhão-Trator,Ileso       ,41.0,Masculino
818151,13/12/2010,RN,101,NATAL,Ultrapassagem indevida,Colisão lateral,Sem Vítimas        ,Pleno dia,Sol,Múltipla,Urbano,Ônibus,Ileso       ,29.0,Masculino
818151,13/12/2010,RN,101,NATAL,Ultrapassagem indevida,Colisão lateral,Sem Vítimas        ,Pleno dia,Sol,Múltipla,Urbano,Automóvel,Ileso       ,27.0,Masculino
818206,10/12/2010,RN,406,CEARA-MIRIM,Outras,Colisão traseira,Com Vítimas Feridas,Anoitecer,Vento,Simples ,Urbano,Automóvel,Ileso       ,26.0,Masculino
818206,10/12/2010,RN,406,CEARA-MIRIM,Outras,Colisão traseira,Com Vítimas Feridas,Anoitecer,Vento,Simples ,Urbano,Ônibus,Ileso       ,41.0,Masculino
818206,10/12/2010,RN,406,CEARA-MIRIM,Outras,Colisão traseira,Com Vítimas Feridas,Anoitecer,Vento,Simples ,Urbano,Ônibus,Ferido Leve ,6.0,Feminino
818238,13/12/2010,RN,101,SAO GONCALO DO AMARANTE,Desobediência à sinalização,Colisão Transversal,Sem Vítimas        ,Pleno dia,Ceu Claro,Dupla   ,Urbano,Automóvel,Ileso       ,38.0,Masculino
818238,13/12/2010,RN,101,SAO GONCALO DO AMARANTE,Desobediência à sinalização,Colisão Transversal,Sem Vítimas        ,Pleno dia,Ceu Claro,Dupla   ,Urbano,Motocicletas,Ileso       ,23.0,Masculino
818238,13/12/2010,RN,101,SAO GONCALO DO AMARANTE,Desobediência à sinalização,Colisão Transversal,Sem Vítimas        ,Pleno dia,Ceu Claro,Dupla   ,Urbano,Motocicletas,Ileso       ,44.0,Feminino
818301,09/12/2010,RN,101,PARNAMIRIM,Não guardar distância de segurança,Colisão traseira,Sem Vítimas        ,Plena noite,Ceu Claro,Dupla   ,Urbano,Automóvel,Ileso       ,-1.0,Masculino
818301,09/12/2010,RN,101,PARNAMIRIM,Não guardar distância de segurança,Colisão traseira,Sem Vítimas        ,Plena noite,Ceu Claro,Dupla   ,Urbano,Automóvel,Ileso       ,-1.0,Masculino
818367,09/12/2010,RN,406,SAO GONCALO DO AMARANTE,Outras,Colisão Transversal,Sem Vítimas        ,Plena noite,Ceu Claro,Simples ,Rural ,Camioneta,Ileso       ,52.0,Masculino
818367,09/12/2010,RN,406,SAO GONCALO DO AMARANTE,Outras,Colisão Transversal,Sem Vítimas        ,Plena noite,Ceu Claro,Simples ,Rural ,Carroça,Ignorado    ,-1.0,Inválido
818408,13/12/2010,RN,304,SAO PEDRO,Falta de atenção,Capotamento,Com Vítimas Feridas,Pleno dia,Ceu Claro,Simples ,Rural ,Automóvel,Ferido Leve ,21.0,Masculino
818416,13/12/2010,RN,101,NATAL,Outras,Colisão lateral,Sem Vítimas        ,Pleno dia,Ceu Claro,Simples ,Urbano,Caminhão,Ileso       ,34.0,Masculino
818416,13/12/2010,RN,101,NATAL,Outras,Colisão lateral,Sem Vítimas        ,Pleno dia,Ceu Claro,Simples ,Urbano,Automóvel,Ileso       ,57.0,Masculino
818450,13/12/2010,RN,101,PARNAMIRIM,Outras,Colisão lateral,Sem Vítimas        ,Pleno dia,Ceu Claro,Simples ,Urbano,Automóvel,Ileso       ,34.0,Masculino
818450,13/12/2010,RN,101,PARNAMIRIM,Outras,Colisão lateral,Sem Vítimas        ,Pleno dia,Ceu Claro,Simples ,Urbano,Caminhão,Ileso       ,29.0,Masculino
818475,09/12/2010,RN,101,SAO JOSE DE MIPIBU,Dormindo,Atropelamento de pessoa,Com Vítimas Fatais ,Pleno dia,Sol,Dupla   ,Rural ,(null),Morto       ,39.0,Masculino
818475,09/12/2010,RN,101,SAO JOSE DE MIPIBU,Dormindo,Atropelamento de pessoa,Com Vítimas Fatais ,Pleno dia,Sol,Dupla   ,Rural ,Caminhão-Trator,Ignorado    ,-1.0,Masculino
818698,06/12/2010,RN,304,MOSSORO,Desobediência à sinalização,Colisão Transversal,Com Vítimas Feridas,Pleno dia,Ceu Claro,Simples ,Urbano,Motoneta,Ferido Grave,-1.0,Masculino
818698,06/12/2010,RN,304,MOSSORO,Desobediência à sinalização,Colisão Transversal,Com Vítimas Feridas,Pleno dia,Ceu Claro,Simples ,Urbano,Automóvel,Ileso       ,38.0,Masculino
818759,12/12/2010,RN,101,NATAL,Defeito mecânico em veículo,Colisão frontal,Sem Vítimas        ,Pleno dia,Sol,Dupla   ,Urbano,Ônibus,Ileso       ,34.0,Masculino
818759,12/12/2010,RN,101,NATAL,Defeito mecânico em veículo,Colisão frontal,Sem Vítimas        ,Pleno dia,Sol,Dupla   ,Urbano,Ônibus,Ileso       ,26.0,Masculino
818763,11/12/2010,RN,226,MACAIBA,Outras,Colisão Transversal,Com Vítimas Feridas,Plena noite,Ceu Claro,Simples ,Urbano,Motocicletas,Ferido Leve ,24.0,Masculino
818763,11/12/2010,RN,226,MACAIBA,Outras,Colisão Transversal,Com Vítimas Feridas,Plena noite,Ceu Claro,Simples ,Urbano,Automóvel,Ignorado    ,-1.0,Inválido
818804,03/12/2010,RN,101,PARNAMIRIM,Falta de atenção,Colisão traseira,Sem Vítimas        ,Plena noite,Ceu Claro,Dupla   ,Urbano,Ônibus,Ileso       ,42.0,Masculino
818804,03/12/2010,RN,101,PARNAMIRIM,Falta de atenção,Colisão traseira,Sem Vítimas        ,Plena noite,Ceu Claro,Dupla   ,Urbano,Microônibus,Ileso       ,31.0,Masculino
818804,03/12/2010,RN,101,PARNAMIRIM,Falta de atenção,Colisão traseira,Sem Vítimas        ,Plena noite,Ceu Claro,Dupla   ,Urbano,Utilitário,Ileso       ,51.0,Masculino
818804,03/12/2010,RN,101,PARNAMIRIM,Falta de atenção,Colisão traseira,Sem Vítimas        ,Plena noite,Ceu Claro,Dupla   ,Urbano,Automóvel,Ileso       ,41.0,Feminino
818891,11/12/2010,RN,101,NATAL,Outras,Atropelamento de pessoa,Com Vítimas Feridas,Plena noite,Ceu Claro,Múltipla,Urbano,Motocicletas,Ferido Leve ,35.0,Masculino
818891,11/12/2010,RN,101,NATAL,Outras,Atropelamento de pessoa,Com Vítimas Feridas,Plena noite,Ceu Claro,Múltipla,Urbano,(null),Ferido Grave,36.0,Masculino
819007,12/12/2010,RN,304,MACAIBA,Falta de atenção,Colisão traseira,Sem Vítimas        ,Plena noite,Ceu Claro,Simples ,Urbano,Automóvel,Ileso       ,39.0,Feminino
819007,12/12/2010,RN,304,MACAIBA,Falta de atenção,Colisão traseira,Sem Vítimas        ,Plena noite,Ceu Claro,Simples ,Urbano,Automóvel,Ileso       ,-1.0,Masculino
819054,14/12/2010,RN,110,MOSSORO,Falta de atenção,Colisão lateral,Com Vítimas Feridas,Plena noite,Ceu Claro,Simples ,Urbano,Motocicletas,Ferido Leve ,-1.0,Feminino
819054,14/12/2010,RN,110,MOSSORO,Falta de atenção,Colisão lateral,Com Vítimas Feridas,Plena noite,Ceu Claro,Simples ,Urbano,Motocicletas,Ferido Leve ,-1.0,Feminino
819054,14/12/2010,RN,110,MOSSORO,Falta de atenção,Colisão lateral,Com Vítimas Feridas,Plena noite,Ceu Claro,Simples ,Urbano,Motocicletas,Ignorado    ,-1.0,Inválido
819098,14/12/2010,RN,101,NATAL,Falta de atenção,Colisão lateral,Sem Vítimas        ,Pleno dia,Ceu Claro,Simples ,Urbano,Automóvel,Ileso       ,51.0,Feminino
819098,14/12/2010,RN,101,NATAL,Falta de atenção,Colisão lateral,Sem Vítimas        ,Pleno dia,Ceu Claro,Simples ,Urbano,Automóvel,Ileso       ,36.0,Feminino
819112,14/12/2010,RN,304,MOSSORO,Falta de atenção,Colisão lateral,Com Vítimas Feridas,Pleno dia,Sol,Simples ,Urbano,Motocicletas,Ferido Leve ,-1.0,Masculino
819112,14/12/2010,RN,304,MOSSORO,Falta de atenção,Colisão lateral,Com Vítimas Feridas,Pleno dia,Sol,Simples ,Urbano,Caminhonete,Ileso       ,-1.0,Masculino
819112,14/12/2010,RN,304,MOSSORO,Falta de atenção,Colisão lateral,Com Vítimas Feridas,Pleno dia,Sol,Simples ,Urbano,Motocicletas,Ferido Grave,-1.0,Feminino
819138,14/12/2010,RN,101,NATAL,Falta de atenção,Colisão lateral,Sem Vítimas        ,Anoitecer,Ceu Claro,Simples ,Urbano,Automóvel,Ileso       ,25.0,Masculino
819138,14/12/2010,RN,101,NATAL,Falta de atenção,Colisão lateral,Sem Vítimas        ,Anoitecer,Ceu Claro,Simples ,Urbano,Caminhonete,Ileso       ,-1.0,Masculino
819150,14/12/2010,RN,110,MOSSORO,Falta de atenção,Colisão Transversal,Com Vítimas Feridas,Pleno dia,Ceu Claro,Simples ,Urbano,Motocicletas,Ferido Leve ,26.0,Feminino
819150,14/12/2010,RN,110,MOSSORO,Falta de atenção,Colisão Transversal,Com Vítimas Feridas,Pleno dia,Ceu Claro,Simples ,Urbano,Automóvel,Ileso       ,40.0,Masculino
819186,12/12/2010,RN,101,PARNAMIRIM,Falta de atenção,Colisão traseira,Sem Vítimas        ,Pleno dia,Sol,Múltipla,Urbano,Camioneta,Ileso       ,60.0,Masculino
819186,12/12/2010,RN,101,PARNAMIRIM,Falta de atenção,Colisão traseira,Sem Vítimas        ,Pleno dia,Sol,Múltipla,Urbano,Motocicletas,Ignorado    ,-1.0,Inválido
819237,11/12/2010,RN,110,MOSSORO,Falta de atenção,Colisão traseira,Com Vítimas Feridas,Pleno dia,Sol,Múltipla,Urbano,Motocicletas,Ferido Leve ,29.0,Masculino
819237,11/12/2010,RN,110,MOSSORO,Falta de atenção,Colisão traseira,Com Vítimas Feridas,Pleno dia,Sol,Múltipla,Urbano,Automóvel,Ileso       ,61.0,Masculino
819239,15/12/2010,RN,101,NATAL,Não guardar distância de segurança,Colisão traseira,Sem Vítimas        ,Pleno dia,Ceu Claro,Múltipla,Urbano,Automóvel,Ileso       ,24.0,Masculino
819239,15/12/2010,RN,101,NATAL,Não guardar distância de segurança,Colisão traseira,Sem Vítimas        ,Pleno dia,Ceu Claro,Múltipla,Urbano,Camioneta,Ignorado    ,-1.0,Masculino
819393,15/12/2010,RN,101,NATAL,Outras,Colisão traseira,Sem Vítimas        ,Pleno dia,Ceu Claro,Múltipla,Urbano,Automóvel,Ileso       ,23.0,Feminino
819393,15/12/2010,RN,101,NATAL,Outras,Colisão traseira,Sem Vítimas        ,Pleno dia,Ceu Claro,Múltipla,Urbano,Automóvel,Ileso       ,26.0,Masculino
819393,15/12/2010,RN,101,NATAL,Outras,Colisão traseira,Sem Vítimas        ,Pleno dia,Ceu Claro,Múltipla,Urbano,Automóvel,Ileso       ,22.0,Masculino
819428,13/12/2010,RN,101,NATAL,Não guardar distância de segurança,Colisão traseira,Sem Vítimas        ,Pleno dia,Ceu Claro,Múltipla,Urbano,Automóvel,Ileso       ,38.0,Masculino
819428,13/12/2010,RN,101,NATAL,Não guardar distância de segurança,Colisão traseira,Sem Vítimas        ,Pleno dia,Ceu Claro,Múltipla,Urbano,Automóvel,Ileso       ,25.0,Masculino
819428,13/12/2010,RN,101,NATAL,Não guardar distância de segurança,Colisão traseira,Sem Vítimas        ,Pleno dia,Ceu Claro,Múltipla,Urbano,Automóvel,Ileso       ,28.0,Masculino
819467,15/12/2010,RN,101,SAO GONCALO DO AMARANTE,Outras,Colisão traseira,Sem Vítimas        ,Pleno dia,Ceu Claro,Dupla   ,Urbano,Automóvel,Ileso       ,42.0,Masculino
819467,15/12/2010,RN,101,SAO GONCALO DO AMARANTE,Outras,Colisão traseira,Sem Vítimas        ,Pleno dia,Ceu Claro,Dupla   ,Urbano,Automóvel,Ileso       ,38.0,Feminino
819509,15/12/2010,RN,101,NATAL,Falta de atenção,Colisão traseira,Com Vítimas Feridas,Pleno dia,Sol,Múltipla,Urbano,Automóvel,Ileso       ,35.0,Masculino
819509,15/12/2010,RN,101,NATAL,Falta de atenção,Colisão traseira,Com Vítimas Feridas,Pleno dia,Sol,Múltipla,Urbano,Motocicletas,Ferido Leve ,-1.0,Masculino
819547,14/12/2010,RN,226,SENADOR ELOI DE SOUZA,Falta de atenção,Colisão Transversal,Com Vítimas Feridas,Pleno dia,Sol,Simples ,Rural ,Motocicletas,Ferido Leve ,26.0,Masculino
819547,14/12/2010,RN,226,SENADOR ELOI DE SOUZA,Falta de atenção,Colisão Transversal,Com Vítimas Feridas,Pleno dia,Sol,Simples ,Rural ,Motocicletas,Ileso       ,-1.0,Masculino
819547,14/12/2010,RN,226,SENADOR ELOI DE SOUZA,Falta de atenção,Colisão Transversal,Com Vítimas Feridas,Pleno dia,Sol,Simples ,Rural ,Motocicletas,Ferido Leve ,-1.0,Masculino
819577,15/12/2010,RN,101,ARES,Outras,Colisão traseira,Sem Vítimas        ,Pleno dia,Ceu Claro,Dupla   ,Urbano,Automóvel,Ileso       ,35.0,Masculino
819577,15/12/2010,RN,101,ARES,Outras,Colisão traseira,Sem Vítimas        ,Pleno dia,Ceu Claro,Dupla   ,Urbano,Caminhão,Ignorado    ,-1.0,Inválido
819626,15/12/2010,RN,304,MOSSORO,Falta de atenção,Colisão Transversal,Com Vítimas Feridas,Plena noite,Ceu Claro,Simples ,Rural ,Caminhão-Trator,Ileso       ,49.0,Masculino
819626,15/12/2010,RN,304,MOSSORO,Falta de atenção,Colisão Transversal,Com Vítimas Feridas,Plena noite,Ceu Claro,Simples ,Rural ,Automóvel,Ileso       ,34.0,Masculino
819626,15/12/2010,RN,304,MOSSORO,Falta de atenção,Colisão Transversal,Com Vítimas Feridas,Plena noite,Ceu Claro,Simples ,Rural ,Motocicletas,Ileso       ,52.0,Masculino
819626,15/12/2010,RN,304,MOSSORO,Falta de atenção,Colisão Transversal,Com Vítimas Feridas,Plena noite,Ceu Claro,Simples ,Rural ,Motocicletas,Ferido Leve ,0.0,Feminino
820060,13/12/2010,RN,304,ASSU,Animais na Pista,Atropelamento de animal,Sem Vítimas        ,Plena noite,Nublado,Simples ,Rural ,Utilitário,Ileso       ,48.0,Masculino
820077,16/12/2010,RN,101,NATAL,Falta de atenção,Colisão Transversal,Sem Vítimas        ,Pleno dia,Chuva,Dupla   ,Urbano,Ônibus,Ileso       ,26.0,Masculino